,from,to,weight
24905,4825,4824,2
24906,4825,4828,2
24907,4825,4829,2
24908,4825,4830,2
24909,4825,4832,2
24910,4825,4853,-1
24911,4825,4854,-1
24912,4825,4849,-1
24913,4825,4846,-1
24914,4825,4854,-2
24915,4826,4837,1
24916,4826,4853,1
24917,4826,4855,1
24918,4826,4891,1
24919,4826,4872,1
24920,4826,4842,1
24921,4826,4854,1
24922,4826,4856,1
24923,4826,4834,1
24924,4826,4827,1
24925,4826,4851,1
24926,4826,4824,2
24927,4826,4825,2
24928,4826,4828,2
24929,4826,4831,2
24930,4826,4833,2
24931,4826,4844,2
24932,4826,4846,2
24933,4826,4847,2
24934,4826,4850,2
24935,4826,4870,2
24936,4826,4898,2
24937,4826,4910,2
24938,4826,4841,-1
24939,4827,4825,1
24940,4827,4829,1
24941,4827,4832,1
24942,4827,4830,1
24943,4827,4856,1
24944,4827,4845,1
24945,4827,4838,1
24946,4827,4845,2
24947,4827,4848,2
24948,4827,4857,2
24949,4827,4893,2
24950,4827,4898,2
24951,4828,4834,1
24952,4828,4829,2
24953,4828,4830,2
24954,4828,4837,2
24955,4828,4847,-2
24956,4829,4903,1
24957,4829,4848,1
24958,4829,4918,1
24959,4829,4902,1
24960,4829,4845,1
24961,4829,4856,1
24962,4829,4838,1
24963,4829,4839,1
24964,4829,4824,2
24965,4829,4825,2
24966,4829,4827,2
24967,4829,4828,2
24968,4829,4830,2
24969,4829,4832,2
24970,4829,4849,2
24971,4829,4852,2
24972,4829,4853,2
24973,4829,4854,2
24974,4829,4856,2
24975,4829,4917,-1
24976,4829,4914,-1
24977,4829,4896,-1
24978,4829,4862,-1
24979,4829,4899,-1
24980,4829,4859,-1
24981,4829,4871,-1
24982,4829,4885,-1
24983,4829,4858,-1
24984,4829,4908,-1
24985,4829,4900,-1
24986,4829,4861,-1
24987,4829,4898,-1
24988,4829,4894,-1
24989,4829,4891,-1
24990,4829,4865,-1
24991,4829,4873,-1
24992,4829,4864,-1
24993,4829,4892,-1
24994,4829,4919,-1
24995,4829,4857,-1
24996,4829,4906,-1
24997,4829,4886,-1
24998,4829,4868,-1
24999,4829,4869,-1
25000,4829,4878,-1
25001,4829,4890,-1
25002,4829,4888,-1
25003,4829,4877,-1
25004,4829,4895,-1
25005,4829,4911,-1
25006,4829,4860,-1
25007,4829,4893,-1
25008,4829,4870,-1
25009,4829,4910,-1
25010,4829,4882,-1
25011,4829,4916,-1
25012,4829,4863,-1
25013,4829,4889,-1
25014,4829,4913,-1
25015,4829,4881,-1
25016,4829,4884,-1
25017,4829,4909,-1
25018,4829,4867,-1
25019,4829,4866,-1
25020,4829,4875,-1
25021,4829,4887,-1
25022,4829,4897,-1
25023,4829,4907,-1
25024,4829,4872,-1
25025,4829,4904,-1
25026,4829,4876,-1
25027,4829,4920,-1
25028,4829,4880,-1
25029,4829,4883,-1
25030,4829,4901,-1
25031,4829,4912,-1
25032,4829,4905,-1
25033,4829,4874,-1
25034,4829,4915,-1
25035,4829,4879,-1
25036,4830,4889,1
25037,4830,4839,1
25038,4830,4828,2
25039,4830,4829,2
25040,4830,4869,2
25041,4830,4918,2
25042,4830,4900,-1
25043,4830,4915,-1
25044,4830,4899,-1
25045,4830,4904,-1
25046,4830,4890,-1
25047,4830,4901,-1
25048,4830,4912,-1
25049,4830,4899,-2
25050,4830,4912,-2
25051,4831,4825,1
25052,4831,4917,1
25053,4831,4894,1
25054,4831,4919,1
25055,4831,4847,1
25056,4831,4846,1
25057,4831,4834,1
25058,4831,4892,1
25059,4831,4826,1
25060,4831,4854,1
25061,4831,4915,1
25062,4831,4871,1
25063,4831,4836,1
25064,4831,4838,1
25065,4831,4884,1
25066,4831,4839,1
25067,4831,4826,2
25068,4831,4833,2
25069,4831,4841,2
25070,4831,4842,2
25071,4831,4844,2
25072,4831,4862,2
25073,4831,4895,2
25074,4831,4917,2
25075,4831,4916,-1
25076,4831,4910,-1
25077,4831,4910,-2
25078,4833,4824,2
25079,4833,4831,2
25080,4833,4834,2
25081,4833,4835,2
25082,4833,4839,2
25083,4833,4840,2
25084,4833,4841,2
25085,4833,4842,2
25086,4833,4843,2
25087,4833,4844,2
25088,4833,4846,2
25089,4833,4847,2
25090,4833,4850,2
25091,4833,4855,2
25092,4833,4866,2
25093,4833,4876,2
25094,4833,4879,2
25095,4833,4884,2
25096,4833,4901,2
25097,4833,4915,2
25098,4833,4919,2
25099,4833,4920,2
25100,4833,4824,-2
25101,4834,4862,1
25102,4834,4883,1
25103,4834,4864,1
25104,4834,4892,1
25105,4834,4830,1
25106,4834,4888,1
25107,4834,4844,1
25108,4834,4825,1
25109,4834,4824,2
25110,4834,4831,2
25111,4834,4832,2
25112,4834,4835,2
25113,4834,4849,2
25114,4834,4852,2
25115,4834,4854,2
25116,4834,4860,2
25117,4834,4876,2
25118,4834,4879,2
25119,4834,4882,2
25120,4834,4884,2
25121,4834,4887,2
25122,4834,4889,2
25123,4834,4895,2
25124,4834,4841,-1
25125,4834,4920,-1
25126,4834,4850,-1
25127,4834,4850,-2
25128,4835,4849,1
25129,4835,4899,1
25130,4835,4842,1
25131,4835,4848,1
25132,4835,4836,1
25133,4835,4900,1
25134,4835,4864,1
25135,4835,4830,1
25136,4835,4857,1
25137,4835,4918,1
25138,4835,4854,1
25139,4835,4825,1
25140,4835,4838,1
25141,4835,4853,1
25142,4835,4855,1
25143,4835,4847,1
25144,4835,4846,1
25145,4835,4882,1
25146,4835,4888,1
25147,4835,4831,1
25148,4835,4845,1
25149,4835,4887,1
25150,4835,4839,1
25151,4835,4827,1
25152,4835,4852,1
25153,4835,4867,1
25154,4835,4840,1
25155,4835,4904,1
25156,4835,4905,1
25157,4835,4844,1
25158,4835,4843,1
25159,4835,4824,2
25160,4835,4833,2
25161,4835,4834,2
25162,4835,4859,2
25163,4835,4860,2
25164,4835,4862,2
25165,4835,4873,2
25166,4835,4876,2
25167,4835,4879,2
25168,4835,4884,2
25169,4835,4890,2
25170,4835,4893,2
25171,4835,4894,2
25172,4835,4895,2
25173,4835,4896,2
25174,4835,4901,2
25175,4835,4915,2
25176,4835,4919,2
25177,4836,4900,1
25178,4836,4851,1
25179,4836,4898,1
25180,4836,4872,1
25181,4836,4860,1
25182,4836,4830,1
25183,4836,4874,1
25184,4836,4824,1
25185,4836,4839,1
25186,4836,4837,1
25187,4836,4824,2
25188,4836,4838,2
25189,4836,4890,2
25190,4836,4899,2
25191,4836,4901,2
25192,4836,4908,2
25193,4836,4909,2
25194,4837,4855,1
25195,4837,4840,1
25196,4837,4847,1
25197,4837,4897,1
25198,4837,4844,1
25199,4837,4846,1
25200,4837,4842,1
25201,4837,4833,1
25202,4837,4830,1
25203,4837,4831,1
25204,4837,4854,1
25205,4837,4856,1
25206,4837,4843,1
25207,4837,4836,1
25208,4837,4825,1
25209,4837,4841,1
25210,4837,4851,1
25211,4837,4824,2
25212,4837,4828,2
25213,4837,4838,2
25214,4837,4839,2
25215,4837,4854,2
25216,4837,4848,-1
25217,4838,4908,2
25218,4838,4909,2
25219,4839,4824,1
25220,4839,4914,-1
25221,4839,4917,-1
25222,4839,4912,-1
25223,4839,4915,-1
25224,4839,4912,-2
25225,4840,4843,2
25226,4840,4855,2
25227,4841,4901,1
25228,4841,4842,1
25229,4841,4844,1
25230,4841,4824,2
25231,4841,4831,2
25232,4841,4833,2
25233,4841,4844,2
25234,4841,4829,-1
25235,4841,4889,-1
25236,4841,4850,-1
25237,4841,4918,-1
25238,4841,4903,-1
25239,4841,4836,-1
25240,4841,4826,-2
25241,4841,4902,-2
25242,4841,4903,-2
25243,4842,4905,2
25244,4842,4900,-1
25245,4842,4917,-1
25246,4842,4914,-1
25247,4842,4898,-1
25248,4842,4899,-1
25249,4842,4916,-1
25250,4842,4901,-1
25251,4842,4919,-1
25252,4842,4903,-1
25253,4842,4920,-1
25254,4842,4918,-1
25255,4842,4902,-1
25256,4842,4897,-1
25257,4842,4915,-1
25258,4843,4889,2
25259,4843,4905,2
25260,4843,4917,-1
25261,4843,4892,-1
25262,4843,4890,-1
25263,4843,4919,-1
25264,4843,4920,-1
25265,4843,4918,-1
25266,4843,4915,-1
25267,4844,4900,1
25268,4844,4899,1
25269,4844,4903,1
25270,4844,4902,1
25271,4844,4894,1
25272,4844,4899,2
25273,4844,4901,2
25274,4844,4905,2
25275,4844,4829,-1
25276,4844,4850,-1
25277,4844,4826,-1
25278,4844,4851,-1
25279,4844,4826,-2
25280,4845,4825,1
25281,4845,4867,1
25282,4845,4917,1
25283,4845,4892,1
25284,4845,4830,1
25285,4845,4848,1
25286,4845,4920,1
25287,4845,4856,1
25288,4845,4832,1
25289,4845,4827,1
25290,4845,4827,2
25291,4845,4838,2
25292,4845,4848,2
25293,4845,4897,-1
25294,4845,4847,-1
25295,4845,4904,-1
25296,4845,4842,-1
25297,4845,4910,-1
25298,4845,4850,-1
25299,4845,4873,-1
25300,4845,4912,-1
25301,4845,4905,-1
25302,4845,4916,-1
25303,4845,4837,-1
25304,4845,4826,-2
25305,4845,4846,-2
25306,4845,4872,-2
25307,4845,4912,-2
25308,4846,4900,1
25309,4846,4908,1
25310,4846,4898,1
25311,4846,4894,1
25312,4846,4899,1
25313,4846,4901,1
25314,4846,4903,1
25315,4846,4905,1
25316,4846,4902,1
25317,4846,4889,1
25318,4846,4860,-1
25319,4846,4863,-1
25320,4846,4859,-1
25321,4846,4884,-1
25322,4846,4881,-1
25323,4846,4861,-1
25324,4846,4866,-1
25325,4846,4875,-1
25326,4846,4858,-1
25327,4846,4872,-1
25328,4846,4887,-1
25329,4846,4880,-1
25330,4846,4873,-1
25331,4846,4864,-1
25332,4846,4874,-1
25333,4846,4878,-1
25334,4846,4877,-1
25335,4846,4879,-1
25336,4846,4873,-2
25337,4847,4852,1
25338,4847,4855,1
25339,4847,4833,1
25340,4847,4831,1
25341,4847,4824,1
25342,4847,4852,2
25343,4847,4853,2
25344,4847,4862,2
25345,4847,4876,2
25346,4847,4879,2
25347,4847,4915,2
25348,4847,4919,2
25349,4847,4837,-1
25350,4847,4836,-2
25351,4847,4854,-2
25352,4848,4893,2
25353,4848,4895,-1
25354,4848,4911,-1
25355,4848,4896,-1
25356,4848,4899,-1
25357,4848,4910,-1
25358,4848,4903,-1
25359,4848,4913,-1
25360,4848,4908,-1
25361,4848,4900,-1
25362,4848,4907,-1
25363,4848,4901,-1
25364,4848,4912,-1
25365,4848,4920,-1
25366,4848,4918,-1
25367,4848,4902,-1
25368,4848,4890,-1
25369,4848,4889,-2
25370,4848,4890,-2
25371,4849,4832,1
25372,4849,4824,2
25373,4849,4829,2
25374,4849,4852,2
25375,4849,4853,2
25376,4849,4854,2
25377,4849,4856,2
25378,4849,4840,-1
25379,4849,4844,-1
25380,4849,4846,-1
25381,4849,4842,-1
25382,4849,4828,-1
25383,4849,4851,-1
25384,4849,4841,-1
25385,4849,4837,-1
25386,4849,4842,-2
25387,4849,4846,-2
25388,4851,4839,1
25389,4851,4836,1
25390,4851,4917,-1
25391,4851,4914,-1
25392,4851,4896,-1
25393,4851,4849,-1
25394,4851,4862,-1
25395,4851,4902,-1
25396,4851,4885,-1
25397,4851,4861,-1
25398,4851,4900,-1
25399,4851,4894,-1
25400,4851,4864,-1
25401,4851,4919,-1
25402,4851,4857,-1
25403,4851,4906,-1
25404,4851,4886,-1
25405,4851,4868,-1
25406,4851,4890,-1
25407,4851,4832,-1
25408,4851,4853,-1
25409,4851,4855,-1
25410,4851,4847,-1
25411,4851,4889,-1
25412,4851,4870,-1
25413,4851,4910,-1
25414,4851,4863,-1
25415,4851,4831,-1
25416,4851,4834,-1
25417,4851,4845,-1
25418,4851,4824,-1
25419,4851,4913,-1
25420,4851,4881,-1
25421,4851,4887,-1
25422,4851,4827,-1
25423,4851,4867,-1
25424,4851,4866,-1
25425,4851,4852,-1
25426,4851,4840,-1
25427,4851,4872,-1
25428,4851,4883,-1
25429,4851,4907,-1
25430,4851,4912,-1
25431,4851,4905,-1
25432,4851,4844,-1
25433,4851,4824,-1
25434,4851,4915,-1
25435,4851,4899,-1
25436,4851,4828,-1
25437,4851,4842,-1
25438,4851,4903,-1
25439,4851,4848,-1
25440,4851,4826,-1
25441,4851,4859,-1
25442,4851,4871,-1
25443,4851,4858,-1
25444,4851,4841,-1
25445,4851,4908,-1
25446,4851,4865,-1
25447,4851,4898,-1
25448,4851,4891,-1
25449,4851,4835,-1
25450,4851,4873,-1
25451,4851,4892,-1
25452,4851,4830,-1
25453,4851,4920,-1
25454,4851,4869,-1
25455,4851,4854,-1
25456,4851,4918,-1
25457,4851,4878,-1
25458,4851,4825,-1
25459,4851,4877,-1
25460,4851,4895,-1
25461,4851,4911,-1
25462,4851,4860,-1
25463,4851,4893,-1
25464,4851,4846,-1
25465,4851,4882,-1
25466,4851,4888,-1
25467,4851,4916,-1
25468,4851,4884,-1
25469,4851,4909,-1
25470,4851,4875,-1
25471,4851,4897,-1
25472,4851,4876,-1
25473,4851,4829,-1
25474,4851,4880,-1
25475,4851,4833,-1
25476,4851,4904,-1
25477,4851,4901,-1
25478,4851,4874,-1
25479,4851,4856,-1
25480,4851,4843,-1
25481,4851,4879,-1
25482,4851,4824,-2
25483,4852,4847,1
25484,4852,4824,2
25485,4852,4829,2
25486,4852,4832,2
25487,4852,4849,2
25488,4852,4853,2
25489,4852,4854,2
25490,4852,4856,2
25491,4854,4849,1
25492,4854,4847,1
25493,4854,4917,1
25494,4854,4856,1
25495,4854,4877,1
25496,4854,4849,2
25497,4854,4852,2
25498,4854,4853,2
25499,4854,4856,2
25500,4854,4825,-1
25501,4854,4842,-1
25502,4854,4827,-1
25503,4854,4841,-1
25504,4854,4839,-1
25505,4854,4839,-2
25506,4854,4841,-2
25507,4856,4855,1
25508,4856,4903,1
25509,4856,4854,1
25510,4856,4902,1
25511,4856,4834,1
25512,4856,4825,1
25513,4856,4832,1
25514,4856,4824,2
25515,4856,4829,2
25516,4856,4849,2
25517,4856,4852,2
25518,4856,4853,2
25519,4856,4854,2
25520,4856,4850,-1
25521,4857,4896,1
25522,4857,4882,1
25523,4857,4893,1
25524,4857,4848,1
25525,4857,4871,1
25526,4857,4824,1
25527,4857,4845,1
25528,4857,4858,1
25529,4857,4881,1
25530,4857,4827,1
25531,4857,4867,1
25532,4857,4887,1
25533,4857,4875,1
25534,4857,4872,1
25535,4857,4873,1
25536,4857,4869,1
25537,4857,4878,1
25538,4857,4888,1
25539,4857,4874,1
25540,4857,4824,2
25541,4857,4860,2
25542,4857,4861,2
25543,4857,4867,2
25544,4857,4870,-2
25545,4857,4883,-2
25546,4857,4898,-2
25547,4858,4867,1
25548,4858,4885,1
25549,4858,4872,1
25550,4858,4883,1
25551,4858,4873,1
25552,4858,4863,1
25553,4858,4857,1
25554,4858,4859,1
25555,4858,4868,1
25556,4858,4869,1
25557,4858,4878,1
25558,4858,4871,1
25559,4858,4884,1
25560,4858,4879,1
25561,4858,4824,2
25562,4858,4864,2
25563,4858,4866,2
25564,4858,4877,2
25565,4858,4878,2
25566,4858,4865,-1
25567,4858,4870,-1
25568,4858,4862,-1
25569,4858,4874,-1
25570,4858,4871,-1
25571,4858,4886,-1
25572,4858,4884,-1
25573,4858,4870,-2
25574,4860,4882,1
25575,4860,4888,1
25576,4860,4836,1
25577,4860,4908,1
25578,4860,4861,1
25579,4860,4881,1
25580,4860,4867,1
25581,4860,4909,1
25582,4860,4839,1
25583,4860,4875,1
25584,4860,4872,1
25585,4860,4873,1
25586,4860,4857,1
25587,4860,4869,1
25588,4860,4917,1
25589,4860,4890,1
25590,4860,4838,1
25591,4860,4834,2
25592,4860,4835,2
25593,4860,4887,2
25594,4860,4890,2
25595,4860,4900,-1
25596,4860,4863,-1
25597,4860,4899,-1
25598,4860,4883,-1
25599,4860,4919,-1
25600,4860,4870,-1
25601,4860,4901,-1
25602,4860,4905,-1
25603,4860,4915,-1
25604,4860,4899,-2
25605,4861,4867,1
25606,4861,4888,1
25607,4861,4857,1
25608,4861,4869,1
25609,4861,4824,1
25610,4861,4857,2
25611,4861,4860,2
25612,4861,4872,2
25613,4861,4881,2
25614,4861,4896,2
25615,4861,4895,-1
25616,4861,4917,-1
25617,4861,4914,-1
25618,4861,4911,-1
25619,4861,4899,-1
25620,4861,4910,-1
25621,4861,4916,-1
25622,4861,4903,-1
25623,4861,4889,-1
25624,4861,4902,-1
25625,4861,4913,-1
25626,4861,4908,-1
25627,4861,4900,-1
25628,4861,4909,-1
25629,4861,4898,-1
25630,4861,4894,-1
25631,4861,4891,-1
25632,4861,4897,-1
25633,4861,4907,-1
25634,4861,4904,-1
25635,4861,4919,-1
25636,4861,4901,-1
25637,4861,4906,-1
25638,4861,4912,-1
25639,4861,4920,-1
25640,4861,4918,-1
25641,4861,4905,-1
25642,4861,4915,-1
25643,4861,4890,-1
25644,4861,4891,-2
25645,4861,4892,-2
25646,4861,4894,-2
25647,4863,4878,1
25648,4863,4869,1
25649,4863,4884,1
25650,4863,4885,1
25651,4863,4824,2
25652,4863,4858,2
25653,4863,4864,2
25654,4863,4865,2
25655,4863,4866,2
25656,4863,4871,2
25657,4863,4873,2
25658,4863,4876,2
25659,4863,4877,2
25660,4863,4879,2
25661,4863,4881,2
25662,4863,4883,2
25663,4863,4884,2
25664,4863,4867,-1
25665,4863,4880,-1
25666,4863,4861,-2
25667,4863,4867,-2
25668,4864,4865,1
25669,4864,4847,1
25670,4864,4889,1
25671,4864,4860,1
25672,4864,4835,1
25673,4864,4872,1
25674,4864,4876,1
25675,4864,4873,1
25676,4864,4883,1
25677,4864,4833,1
25678,4864,4859,1
25679,4864,4834,1
25680,4864,4885,1
25681,4864,4858,1
25682,4864,4884,1
25683,4864,4879,1
25684,4864,4858,2
25685,4864,4863,2
25686,4864,4866,2
25687,4864,4869,2
25688,4864,4877,2
25689,4864,4878,2
25690,4864,4879,2
25691,4864,4867,-1
25692,4864,4898,-1
25693,4864,4910,-1
25694,4864,4899,-1
25695,4864,4850,-1
25696,4864,4871,-1
25697,4864,4850,-2
25698,4865,4866,1
25699,4865,4885,1
25700,4865,4876,1
25701,4865,4894,1
25702,4865,4897,1
25703,4865,4870,1
25704,4865,4910,1
25705,4865,4919,1
25706,4865,4915,1
25707,4865,4871,1
25708,4865,4824,1
25709,4865,4889,1
25710,4865,4879,1
25711,4865,4824,2
25712,4865,4862,2
25713,4865,4878,2
25714,4865,4884,2
25715,4865,4885,2
25716,4865,4919,2
25717,4865,4867,-1
25718,4865,4904,-1
25719,4865,4903,-1
25720,4865,4868,-1
25721,4865,4902,-1
25722,4865,4857,-2
25723,4865,4867,-2
25724,4866,4842,1
25725,4866,4882,1
25726,4866,4873,1
25727,4866,4863,1
25728,4866,4848,1
25729,4866,4854,1
25730,4866,4844,1
25731,4866,4824,1
25732,4866,4877,1
25733,4866,4842,2
25734,4866,4843,2
25735,4866,4847,2
25736,4866,4855,2
25737,4866,4824,2
25738,4866,4858,2
25739,4866,4860,2
25740,4866,4864,2
25741,4866,4865,2
25742,4866,4869,2
25743,4866,4876,2
25744,4866,4878,2
25745,4866,4879,2
25746,4866,4883,2
25747,4866,4887,2
25748,4866,4909,-1
25749,4866,4914,-1
25750,4866,4872,-1
25751,4866,4919,-1
25752,4866,4903,-1
25753,4866,4868,-1
25754,4866,4902,-1
25755,4866,4845,-1
25756,4866,4915,-1
25757,4866,4877,-1
25758,4866,4908,-1
25759,4866,4824,-2
25760,4866,4825,-2
25761,4866,4826,-2
25762,4866,4827,-2
25763,4866,4828,-2
25764,4866,4829,-2
25765,4866,4830,-2
25766,4866,4831,-2
25767,4866,4832,-2
25768,4866,4833,-2
25769,4866,4834,-2
25770,4866,4835,-2
25771,4866,4836,-2
25772,4866,4837,-2
25773,4866,4838,-2
25774,4866,4839,-2
25775,4866,4840,-2
25776,4866,4841,-2
25777,4866,4844,-2
25778,4866,4846,-2
25779,4866,4849,-2
25780,4866,4850,-2
25781,4866,4851,-2
25782,4866,4852,-2
25783,4866,4853,-2
25784,4866,4856,-2
25785,4866,4859,-2
25786,4866,4861,-2
25787,4866,4862,-2
25788,4866,4867,-2
25789,4866,4871,-2
25790,4866,4875,-2
25791,4866,4880,-2
25792,4866,4886,-2
25793,4866,4824,-2
25794,4866,4889,-2
25795,4866,4890,-2
25796,4866,4891,-2
25797,4866,4892,-2
25798,4866,4893,-2
25799,4866,4894,-2
25800,4866,4895,-2
25801,4866,4896,-2
25802,4866,4897,-2
25803,4866,4898,-2
25804,4866,4899,-2
25805,4866,4900,-2
25806,4866,4901,-2
25807,4866,4904,-2
25808,4866,4905,-2
25809,4866,4906,-2
25810,4866,4907,-2
25811,4866,4910,-2
25812,4866,4911,-2
25813,4866,4912,-2
25814,4866,4913,-2
25815,4866,4916,-2
25816,4866,4917,-2
25817,4866,4918,-2
25818,4866,4920,-2
25819,4867,4860,1
25820,4867,4882,1
25821,4867,4848,1
25822,4867,4871,1
25823,4867,4824,1
25824,4867,4884,1
25825,4867,4881,1
25826,4867,4861,1
25827,4867,4875,1
25828,4867,4865,1
25829,4867,4885,1
25830,4867,4872,1
25831,4867,4883,1
25832,4867,4906,1
25833,4867,4857,1
25834,4867,4878,1
25835,4867,4879,1
25836,4867,4857,2
25837,4867,4871,2
25838,4867,4863,-1
25839,4867,4917,-1
25840,4867,4914,-1
25841,4867,4896,-1
25842,4867,4899,-1
25843,4867,4903,-1
25844,4867,4908,-1
25845,4867,4900,-1
25846,4867,4919,-1
25847,4867,4886,-1
25848,4867,4868,-1
25849,4867,4918,-1
25850,4867,4877,-1
25851,4867,4915,-1
25852,4867,4895,-1
25853,4867,4911,-1
25854,4867,4889,-1
25855,4867,4893,-1
25856,4867,4910,-1
25857,4867,4916,-1
25858,4867,4913,-1
25859,4867,4909,-1
25860,4867,4897,-1
25861,4867,4872,-1
25862,4867,4907,-1
25863,4867,4904,-1
25864,4867,4912,-1
25865,4867,4905,-1
25866,4867,4874,-1
25867,4867,4902,-1
25868,4867,4874,-2
25869,4867,4888,-2
25870,4867,4890,-2
25871,4867,4891,-2
25872,4867,4892,-2
25873,4867,4898,-2
25874,4867,4920,-2
25875,4870,4866,1
25876,4870,4883,1
25877,4870,4880,1
25878,4870,4886,1
25879,4870,4859,1
25880,4870,4869,1
25881,4870,4874,1
25882,4870,4871,1
25883,4870,4884,1
25884,4870,4879,1
25885,4870,4850,2
25886,4870,4885,2
25887,4870,4910,2
25888,4871,4867,1
25889,4871,4875,1
25890,4871,4914,1
25891,4871,4897,1
25892,4871,4872,1
25893,4871,4860,1
25894,4871,4847,1
25895,4871,4876,1
25896,4871,4910,1
25897,4871,4850,1
25898,4871,4892,1
25899,4871,4916,1
25900,4871,4857,1
25901,4871,4824,1
25902,4871,4877,1
25903,4871,4824,2
25904,4871,4862,2
25905,4871,4865,2
25906,4871,4870,2
25907,4871,4878,2
25908,4871,4884,2
25909,4871,4885,2
25910,4871,4891,2
25911,4871,4898,2
25912,4871,4899,2
25913,4871,4900,2
25914,4871,4901,2
25915,4871,4915,2
25916,4871,4919,2
25917,4871,4917,-1
25918,4871,4911,-1
25919,4871,4907,-1
25920,4871,4893,-1
25921,4871,4912,-1
25922,4871,4903,-1
25923,4871,4905,-1
25924,4871,4918,-1
25925,4871,4920,-1
25926,4871,4902,-1
25927,4871,4889,-1
25928,4871,4908,-1
25929,4871,4893,-2
25930,4871,4896,-2
25931,4871,4904,-2
25932,4871,4912,-2
25933,4872,4867,-1
25934,4872,4883,-1
25935,4872,4880,-1
25936,4872,4850,-1
25937,4872,4868,-1
25938,4872,4920,-1
25939,4872,4867,-2
25940,4874,4857,1
25941,4874,4891,1
25942,4874,4887,1
25943,4874,4882,1
25944,4874,4873,1
25945,4874,4888,1
25946,4874,4881,1
25947,4874,4891,2
25948,4874,4911,2
25949,4874,4895,-1
25950,4874,4917,-1
25951,4874,4914,-1
25952,4874,4896,-1
25953,4874,4893,-1
25954,4874,4910,-1
25955,4874,4916,-1
25956,4874,4863,-1
25957,4874,4859,-1
25958,4874,4889,-1
25959,4874,4886,-1
25960,4874,4858,-1
25961,4874,4900,-1
25962,4874,4866,-1
25963,4874,4897,-1
25964,4874,4907,-1
25965,4874,4880,-1
25966,4874,4920,-1
25967,4874,4864,-1
25968,4874,4919,-1
25969,4874,4901,-1
25970,4874,4905,-1
25971,4874,4918,-1
25972,4874,4915,-1
25973,4874,4877,-1
25974,4874,4863,-2
25975,4874,4867,-2
25976,4874,4898,-2
25977,4874,4912,-2
25978,4874,4913,-2
25979,4874,4920,-2
25980,4875,4872,1
25981,4875,4873,1
25982,4875,4868,1
25983,4875,4874,1
25984,4875,4888,1
25985,4875,4881,1
25986,4875,4887,1
25987,4875,4857,2
25988,4875,4867,2
25989,4875,4869,2
25990,4875,4871,2
25991,4875,4881,2
25992,4875,4891,-1
25993,4875,4863,-1
25994,4875,4891,-2
25995,4875,4898,-2
25996,4877,4866,1
25997,4877,4876,1
25998,4877,4860,1
25999,4877,4880,1
26000,4877,4883,1
26001,4877,4873,1
26002,4877,4864,1
26003,4877,4863,1
26004,4877,4914,1
26005,4877,4871,1
26006,4877,4878,1
26007,4877,4824,1
26008,4877,4885,1
26009,4877,4858,1
26010,4877,4879,1
26011,4877,4825,-1
26012,4877,4896,-1
26013,4877,4862,-1
26014,4877,4899,-1
26015,4877,4848,-1
26016,4877,4859,-1
26017,4877,4826,-1
26018,4877,4903,-1
26019,4877,4836,-1
26020,4877,4902,-1
26021,4877,4851,-1
26022,4877,4900,-1
26023,4877,4898,-1
26024,4877,4894,-1
26025,4877,4891,-1
26026,4877,4892,-1
26027,4877,4830,-1
26028,4877,4919,-1
26029,4877,4906,-1
26030,4877,4920,-1
26031,4877,4918,-1
26032,4877,4890,-1
26033,4877,4832,-1
26034,4877,4915,-1
26035,4877,4895,-1
26036,4877,4911,-1
26037,4877,4847,-1
26038,4877,4846,-1
26039,4877,4870,-1
26040,4877,4893,-1
26041,4877,4850,-1
26042,4877,4910,-1
26043,4877,4916,-1
26044,4877,4831,-1
26045,4877,4845,-1
26046,4877,4913,-1
26047,4877,4837,-1
26048,4877,4867,-1
26049,4877,4827,-1
26050,4877,4897,-1
26051,4877,4907,-1
26052,4877,4829,-1
26053,4877,4904,-1
26054,4877,4901,-1
26055,4877,4912,-1
26056,4877,4856,-1
26057,4877,4867,-2
26058,4878,4844,1
26059,4878,4862,1
26060,4878,4899,1
26061,4878,4860,1
26062,4878,4846,1
26063,4878,4888,1
26064,4878,4824,1
26065,4878,4885,1
26066,4878,4858,1
26067,4878,4881,1
26068,4878,4884,1
26069,4878,4900,1
26070,4878,4887,1
26071,4878,4866,1
26072,4878,4919,1
26073,4878,4872,1
26074,4878,4876,1
26075,4878,4883,1
26076,4878,4873,1
26077,4878,4864,1
26078,4878,4901,1
26079,4878,4857,1
26080,4878,4869,1
26081,4878,4874,1
26082,4878,4915,1
26083,4878,4879,1
26084,4878,4862,2
26085,4878,4865,2
26086,4878,4867,2
26087,4878,4871,2
26088,4878,4877,2
26089,4878,4884,2
26090,4878,4911,-1
26091,4878,4914,-1
26092,4878,4904,-1
26093,4878,4910,-1
26094,4878,4918,-1
26095,4878,4912,-1
26096,4878,4903,-1
26097,4878,4859,-1
26098,4878,4902,-1
26099,4878,4913,-1
26100,4879,4875,1
26101,4879,4853,1
26102,4879,4865,1
26103,4879,4919,1
26104,4879,4887,1
26105,4879,4870,1
26106,4879,4882,1
26107,4879,4833,1
26108,4879,4864,1
26109,4879,4869,1
26110,4879,4915,1
26111,4879,4885,1
26112,4879,4858,1
26113,4879,4881,1
26114,4879,4831,2
26115,4879,4847,2
26116,4879,4855,2
26117,4879,4824,2
26118,4879,4863,2
26119,4879,4866,2
26120,4879,4873,2
26121,4879,4876,2
26122,4879,4877,2
26123,4879,4883,2
26124,4879,4884,2
26125,4879,4915,2
26126,4879,4886,-1
26127,4879,4905,-1
26128,4879,4871,-1
26129,4879,4905,-2
26130,4880,4862,1
26131,4880,4836,1
26132,4880,4865,1
26133,4880,4835,1
26134,4880,4826,1
26135,4880,4864,1
26136,4880,4886,1
26137,4880,4869,1
26138,4880,4878,1
26139,4880,4860,1
26140,4880,4846,1
26141,4880,4870,1
26142,4880,4882,1
26143,4880,4850,1
26144,4880,4888,1
26145,4880,4863,1
26146,4880,4916,1
26147,4880,4845,1
26148,4880,4884,1
26149,4880,4839,1
26150,4880,4887,1
26151,4880,4840,1
26152,4880,4872,1
26153,4880,4876,1
26154,4880,4840,2
26155,4880,4847,2
26156,4880,4855,2
26157,4880,4824,2
26158,4880,4858,2
26159,4880,4859,2
26160,4880,4866,2
26161,4880,4867,2
26162,4880,4873,2
26163,4880,4877,2
26164,4880,4879,2
26165,4880,4881,2
26166,4880,4883,2
26167,4880,4885,2
26168,4880,4886,2
26169,4881,4867,1
26170,4881,4875,1
26171,4881,4862,1
26172,4881,4857,1
26173,4881,4872,1
26174,4881,4860,1
26175,4881,4879,1
26176,4881,4869,1
26177,4881,4874,1
26178,4881,4878,1
26179,4881,4871,1
26180,4881,4888,1
26181,4881,4885,1
26182,4881,4887,1
26183,4881,4861,1
26184,4881,4888,2
26185,4882,4867,1
26186,4882,4875,1
26187,4882,4860,1
26188,4882,4883,1
26189,4882,4870,1
26190,4882,4887,1
26191,4882,4873,1
26192,4882,4869,1
26193,4882,4874,1
26194,4882,4888,1
26195,4882,4861,1
26196,4882,4884,1
26197,4882,4879,1
26198,4882,4824,2
26199,4882,4872,2
26200,4882,4881,2
26201,4882,4887,2
26202,4882,4825,-1
26203,4882,4917,-1
26204,4882,4914,-1
26205,4882,4896,-1
26206,4882,4849,-1
26207,4882,4862,-1
26208,4882,4902,-1
26209,4882,4885,-1
26210,4882,4900,-1
26211,4882,4894,-1
26212,4882,4919,-1
26213,4882,4886,-1
26214,4882,4906,-1
26215,4882,4868,-1
26216,4882,4890,-1
26217,4882,4832,-1
26218,4882,4853,-1
26219,4882,4855,-1
26220,4882,4847,-1
26221,4882,4889,-1
26222,4882,4910,-1
26223,4882,4863,-1
26224,4882,4831,-1
26225,4882,4834,-1
26226,4882,4845,-1
26227,4882,4824,-1
26228,4882,4913,-1
26229,4882,4839,-1
26230,4882,4827,-1
26231,4882,4840,-1
26232,4882,4907,-1
26233,4882,4912,-1
26234,4882,4905,-1
26235,4882,4915,-1
26236,4882,4844,-1
26237,4882,4899,-1
26238,4882,4828,-1
26239,4882,4842,-1
26240,4882,4859,-1
26241,4882,4903,-1
26242,4882,4826,-1
26243,4882,4836,-1
26244,4882,4841,-1
26245,4882,4851,-1
26246,4882,4908,-1
26247,4882,4865,-1
26248,4882,4898,-1
26249,4882,4891,-1
26250,4882,4835,-1
26251,4882,4892,-1
26252,4882,4920,-1
26253,4882,4918,-1
26254,4882,4854,-1
26255,4882,4838,-1
26256,4882,4895,-1
26257,4882,4911,-1
26258,4882,4846,-1
26259,4882,4893,-1
26260,4882,4850,-1
26261,4882,4916,-1
26262,4882,4837,-1
26263,4882,4909,-1
26264,4882,4897,-1
26265,4882,4829,-1
26266,4882,4833,-1
26267,4882,4901,-1
26268,4882,4856,-1
26269,4882,4843,-1
26270,4882,4889,-2
26271,4882,4899,-2
26272,4883,4895,1
26273,4883,4914,1
26274,4883,4907,1
26275,4883,4889,1
26276,4883,4892,1
26277,4883,4919,1
26278,4883,4916,1
26279,4883,4912,1
26280,4883,4905,1
26281,4883,4915,1
26282,4883,4890,1
26283,4883,4902,1
26284,4883,4824,2
26285,4883,4891,2
26286,4883,4894,2
26287,4883,4896,2
26288,4883,4898,2
26289,4883,4903,2
26290,4883,4904,2
26291,4883,4906,2
26292,4883,4910,2
26293,4883,4911,2
26294,4883,4917,2
26295,4883,4920,2
26296,4883,4893,-1
26297,4883,4904,-1
26298,4884,4866,1
26299,4884,4872,1
26300,4884,4847,1
26301,4884,4899,1
26302,4884,4882,1
26303,4884,4919,1
26304,4884,4915,1
26305,4884,4871,1
26306,4884,4824,1
26307,4884,4885,1
26308,4884,4887,1
26309,4884,4824,2
26310,4884,4862,2
26311,4884,4865,2
26312,4884,4876,2
26313,4884,4878,2
26314,4884,4879,2
26315,4884,4883,2
26316,4884,4885,2
26317,4884,4857,-2
26318,4884,4858,-2
26319,4884,4859,-2
26320,4884,4861,-2
26321,4884,4863,-2
26322,4884,4864,-2
26323,4884,4867,-2
26324,4884,4868,-2
26325,4884,4874,-2
26326,4884,4890,-2
26327,4884,4912,-2
26328,4885,4871,1
26329,4885,4883,1
26330,4885,4886,1
26331,4885,4844,2
26332,4885,4846,2
26333,4885,4824,2
26334,4885,4862,2
26335,4885,4865,2
26336,4885,4878,2
26337,4885,4884,2
26338,4885,4902,2
26339,4885,4903,2
26340,4886,4917,1
26341,4886,4842,1
26342,4886,4876,1
26343,4886,4883,1
26344,4886,4880,1
26345,4886,4918,1
26346,4886,4859,1
26347,4886,4885,1
26348,4886,4859,2
26349,4886,4880,2
26350,4889,4862,1
26351,4889,4844,1
26352,4889,4876,1
26353,4889,4883,1
26354,4889,4846,1
26355,4889,4834,1
26356,4889,4833,1
26357,4889,4873,1
26358,4889,4830,1
26359,4889,4915,1
26360,4889,4871,1
26361,4889,4824,1
26362,4889,4884,1
26363,4889,4834,2
26364,4889,4835,2
26365,4889,4892,2
26366,4889,4894,2
26367,4889,4895,2
26368,4889,4897,2
26369,4889,4898,2
26370,4889,4899,2
26371,4889,4902,2
26372,4889,4903,2
26373,4889,4906,2
26374,4889,4908,2
26375,4889,4911,2
26376,4889,4917,2
26377,4889,4920,2
26378,4889,4893,-1
26379,4889,4904,-1
26380,4889,4896,-1
26381,4889,4904,-2
26382,4889,4910,-2
26383,4889,4912,-2
26384,4889,4918,-2
26385,4890,4891,2
26386,4890,4892,2
26387,4890,4897,2
26388,4890,4899,2
26389,4890,4901,2
26390,4890,4904,2
26391,4890,4906,2
26392,4890,4908,2
26393,4890,4909,2
26394,4890,4911,2
26395,4890,4914,2
26396,4890,4915,2
26397,4890,4920,2
26398,4890,4896,-1
26399,4890,4893,-1
26400,4890,4918,-1
26401,4890,4867,-1
26402,4890,4903,-1
26403,4890,4902,-1
26404,4890,4913,-1
26405,4891,4909,1
26406,4891,4911,1
26407,4891,4914,1
26408,4891,4899,1
26409,4891,4904,1
26410,4891,4871,1
26411,4891,4892,1
26412,4891,4901,1
26413,4891,4906,1
26414,4891,4917,1
26415,4891,4874,1
26416,4891,4890,1
26417,4891,4824,1
26418,4891,4892,2
26419,4891,4896,-1
26420,4891,4898,-1
26421,4891,4907,-1
26422,4891,4912,-1
26423,4891,4893,-1
26424,4891,4913,-1
26425,4891,4898,-2
26426,4891,4903,-2
26427,4891,4918,-2
26428,4892,4900,1
26429,4892,4895,1
26430,4892,4909,1
26431,4892,4911,1
26432,4892,4896,1
26433,4892,4898,1
26434,4892,4894,1
26435,4892,4899,1
26436,4892,4897,1
26437,4892,4893,1
26438,4892,4916,1
26439,4892,4919,1
26440,4892,4901,1
26441,4892,4906,1
26442,4892,4905,1
26443,4892,4915,1
26444,4892,4824,2
26445,4892,4889,2
26446,4892,4890,2
26447,4892,4891,2
26448,4892,4908,2
26449,4892,4917,2
26450,4892,4920,2
26451,4892,4904,-1
26452,4892,4913,-1
26453,4892,4910,-1
26454,4892,4913,-2
26455,4893,4909,1
26456,4893,4895,1
26457,4893,4911,1
26458,4893,4896,1
26459,4893,4898,1
26460,4893,4894,1
26461,4893,4907,1
26462,4893,4914,1
26463,4893,4892,1
26464,4893,4901,1
26465,4893,4918,1
26466,4893,4906,1
26467,4893,4905,1
26468,4893,4824,1
26469,4893,4908,1
26470,4893,4896,2
26471,4893,4898,2
26472,4893,4900,-1
26473,4893,4915,-1
26474,4893,4891,-1
26475,4893,4907,-1
26476,4893,4901,-1
26477,4893,4913,-1
26478,4893,4890,-2
26479,4893,4899,-2
26480,4893,4901,-2
26481,4895,4917,1
26482,4895,4911,1
26483,4895,4896,1
26484,4895,4898,1
26485,4895,4907,1
26486,4895,4893,1
26487,4895,4910,1
26488,4895,4892,1
26489,4895,4906,1
26490,4895,4905,1
26491,4895,4913,1
26492,4895,4908,1
26493,4895,4889,2
26494,4895,4894,2
26495,4895,4897,2
26496,4895,4899,2
26497,4895,4900,2
26498,4895,4901,2
26499,4895,4902,2
26500,4895,4903,2
26501,4895,4915,2
26502,4895,4919,2
26503,4895,4912,-1
26504,4895,4891,-1
26505,4895,4916,-1
26506,4895,4912,-2
26507,4896,4906,1
26508,4896,4911,1
26509,4896,4898,1
26510,4896,4920,1
26511,4896,4893,2
26512,4896,4906,2
26513,4896,4900,-1
26514,4896,4915,-1
26515,4896,4897,-1
26516,4896,4891,-1
26517,4896,4907,-1
26518,4896,4910,-1
26519,4896,4901,-1
26520,4896,4912,-1
26521,4896,4889,-1
26522,4896,4912,-2
26523,4897,4895,1
26524,4897,4894,1
26525,4897,4899,1
26526,4897,4901,1
26527,4897,4903,1
26528,4897,4905,1
26529,4897,4902,1
26530,4897,4889,1
26531,4897,4913,1
26532,4897,4908,1
26533,4897,4895,2
26534,4897,4907,2
26535,4897,4911,2
26536,4897,4915,2
26537,4897,4919,2
26538,4897,4896,-1
26539,4897,4904,-1
26540,4897,4916,-1
26541,4897,4916,-2
26542,4898,4899,1
26543,4898,4916,1
26544,4898,4919,1
26545,4898,4901,1
26546,4898,4920,1
26547,4898,4918,1
26548,4898,4915,1
26549,4898,4824,1
26550,4898,4913,1
26551,4898,4827,2
26552,4898,4836,2
26553,4898,4871,2
26554,4898,4872,2
26555,4898,4883,2
26556,4898,4889,2
26557,4898,4892,2
26558,4898,4893,2
26559,4898,4895,2
26560,4898,4896,2
26561,4898,4897,2
26562,4898,4902,2
26563,4898,4903,2
26564,4898,4905,2
26565,4898,4906,2
26566,4898,4908,2
26567,4898,4909,2
26568,4898,4911,2
26569,4898,4912,2
26570,4898,4917,2
26571,4898,4918,2
26572,4898,4891,-1
26573,4898,4904,-1
26574,4898,4861,-1
26575,4898,4857,-2
26576,4898,4862,-2
26577,4898,4867,-2
26578,4898,4874,-2
26579,4898,4890,-2
26580,4898,4891,-2
26581,4899,4890,2
26582,4899,4894,2
26583,4899,4897,2
26584,4899,4898,2
26585,4899,4900,2
26586,4899,4901,2
26587,4899,4905,2
26588,4899,4908,2
26589,4899,4909,2
26590,4899,4915,2
26591,4899,4896,-1
26592,4899,4910,-1
26593,4899,4918,-1
26594,4899,4912,-1
26595,4899,4893,-1
26596,4899,4913,-1
26597,4899,4912,-2
26598,4900,4895,1
26599,4900,4844,1
26600,4900,4862,1
26601,4900,4846,1
26602,4900,4903,1
26603,4900,4902,1
26604,4900,4871,1
26605,4900,4824,1
26606,4900,4885,1
26607,4900,4884,1
26608,4900,4824,2
26609,4900,4889,2
26610,4900,4890,2
26611,4900,4894,2
26612,4900,4897,2
26613,4900,4899,2
26614,4900,4901,2
26615,4900,4905,2
26616,4900,4908,2
26617,4900,4915,2
26618,4900,4918,-1
26619,4900,4914,-1
26620,4900,4913,-1
26621,4900,4910,-1
26622,4900,4893,-2
26623,4900,4896,-2
26624,4900,4912,-2
26625,4900,4913,-2
26626,4901,4895,1
26627,4901,4917,1
26628,4901,4911,1
26629,4901,4899,1
26630,4901,4916,1
26631,4901,4903,1
26632,4901,4889,1
26633,4901,4902,1
26634,4901,4908,1
26635,4901,4900,1
26636,4901,4909,1
26637,4901,4894,1
26638,4901,4891,1
26639,4901,4897,1
26640,4901,4907,1
26641,4901,4904,1
26642,4901,4892,1
26643,4901,4919,1
26644,4901,4906,1
26645,4901,4905,1
26646,4901,4920,1
26647,4901,4915,1
26648,4901,4890,1
26649,4901,4900,2
26650,4901,4896,-1
26651,4901,4893,-1
26652,4901,4912,-1
26653,4901,4914,-1
26654,4901,4824,-1
26655,4902,4911,1
26656,4902,4831,1
26657,4902,4846,1
26658,4902,4842,1
26659,4902,4889,1
26660,4902,4903,1
26661,4902,4824,1
26662,4902,4885,1
26663,4902,4898,1
26664,4902,4897,1
26665,4902,4919,1
26666,4902,4833,1
26667,4902,4892,1
26668,4902,4901,1
26669,4902,4844,1
26670,4902,4915,1
26671,4902,4903,2
26672,4902,4911,2
26673,4902,4893,-2
26674,4902,4896,-2
26675,4902,4899,-2
26676,4902,4900,-2
26677,4902,4910,-2
26678,4902,4912,-2
26679,4902,4914,-2
26680,4905,4909,1
26681,4905,4895,1
26682,4905,4911,1
26683,4905,4896,1
26684,4905,4897,1
26685,4905,4889,1
26686,4905,4893,1
26687,4905,4824,1
26688,4905,4892,1
26689,4905,4906,1
26690,4905,4917,1
26691,4905,4890,1
26692,4905,4913,1
26693,4905,4908,1
26694,4905,4889,2
26695,4905,4898,2
26696,4905,4899,2
26697,4905,4900,2
26698,4905,4901,2
26699,4905,4902,2
26700,4905,4903,2
26701,4905,4911,2
26702,4905,4916,-1
26703,4905,4912,-1
26704,4905,4916,-2
26705,4907,4900,1
26706,4907,4911,1
26707,4907,4897,1
26708,4907,4919,1
26709,4907,4910,1
26710,4907,4895,1
26711,4907,4906,1
26712,4907,4905,1
26713,4907,4915,1
26714,4907,4913,1
26715,4907,4908,1
26716,4907,4897,2
26717,4907,4902,2
26718,4907,4903,2
26719,4907,4913,2
26720,4908,4889,2
26721,4908,4892,2
26722,4908,4898,2
26723,4908,4899,2
26724,4908,4900,2
26725,4908,4901,2
26726,4908,4909,2
26727,4908,4917,2
26728,4908,4920,2
26729,4908,4914,-1
26730,4908,4897,-1
26731,4908,4891,-1
26732,4908,4893,-1
26733,4908,4910,-1
26734,4908,4916,-1
26735,4908,4890,-1
26736,4908,4912,-1
26737,4908,4918,-1
26738,4908,4902,-1
26739,4908,4913,-1
26740,4908,4890,-2
26741,4910,4897,1
26742,4910,4907,1
26743,4910,4919,1
26744,4910,4895,1
26745,4910,4915,1
26746,4910,4913,1
26747,4910,4913,2
26748,4910,4902,-1
26749,4910,4912,-1
26750,4910,4912,-2
26751,4911,4917,1
26752,4911,4914,1
26753,4911,4907,1
26754,4911,4904,1
26755,4911,4889,1
26756,4911,4916,1
26757,4911,4903,1
26758,4911,4905,1
26759,4911,4920,1
26760,4911,4902,1
26761,4911,4908,1
26762,4911,4824,2
26763,4911,4890,2
26764,4911,4891,2
26765,4911,4892,2
26766,4911,4906,2
26767,4911,4909,2
26768,4911,4912,2
26769,4911,4914,2
26770,4911,4919,-1
26771,4911,4898,-1
26772,4911,4913,-1
26773,4911,4910,-1
26774,4911,4913,-2
26775,4915,4917,1
26776,4915,4911,1
26777,4915,4891,1
26778,4915,4907,1
26779,4915,4910,1
26780,4915,4892,1
26781,4915,4919,1
26782,4915,4916,1
26783,4915,4903,1
26784,4915,4920,1
26785,4915,4902,1
26786,4915,4824,2
26787,4915,4889,2
26788,4915,4890,2
26789,4915,4894,2
26790,4915,4895,2
26791,4915,4897,2
26792,4915,4899,2
26793,4915,4900,2
26794,4915,4901,2
26795,4915,4908,2
26796,4915,4909,2
26797,4915,4919,2
26798,4915,4912,-1
26799,4915,4913,-1
26800,4915,4893,-2
26801,4915,4896,-2
26802,4915,4918,-2
26803,4916,4892,2
26804,4916,4909,2
26805,4916,4917,2
26806,4916,4915,-2
26807,4916,4919,-2
26808,4919,4898,1
26809,4919,4910,1
26810,4919,4916,1
26811,4919,4892,1
26812,4919,4920,1
26813,4919,4824,2
26814,4919,4889,2
26815,4919,4894,2
26816,4919,4895,2
26817,4919,4897,2
26818,4919,4899,2
26819,4919,4900,2
26820,4919,4901,2
26821,4919,4902,2
26822,4919,4903,2
26823,4919,4907,2
26824,4919,4908,2
26825,4919,4915,2
26826,4919,4916,2
26827,4919,4896,-1
26828,4919,4893,-1
26829,4919,4904,-1
26830,4919,4918,-1
26831,4919,4912,-1
26832,4919,4824,-1
26833,4919,4913,-1
26834,4919,4912,-2
28628,5045,5071,1
28629,5045,5083,1
28630,5045,5103,1
28631,5045,5048,1
28632,5045,5055,1
28633,5045,5044,1
28634,5045,5046,1
28635,5045,5073,1
28636,5045,5119,1
28637,5045,5109,1
28638,5045,5063,1
28639,5045,5058,1
28640,5045,5093,1
28641,5045,5111,1
28642,5045,5118,1
28643,5045,5047,1
28644,5045,5065,1
28645,5045,5131,1
28646,5045,5054,1
28647,5045,5132,1
28648,5045,5043,1
28649,5045,5053,1
28650,5045,5121,1
28651,5045,5044,2
28652,5045,5057,2
28653,5045,5058,2
28654,5045,5106,-1
28655,5045,5114,-1
28656,5045,5108,-1
28657,5045,5094,-1
28658,5045,5061,-1
28659,5045,5075,-1
28660,5045,5100,-1
28661,5045,5074,-1
28662,5045,5102,-1
28663,5045,5116,-1
28664,5045,5113,-1
28665,5045,5064,-1
28666,5045,5051,-2
28667,5045,5052,-2
28668,5045,5056,-2
28669,5045,5068,-2
28670,5045,5070,-2
28671,5045,5072,-2
28672,5045,5126,-2
28673,5045,5130,-2
28674,5046,5059,1
28675,5046,5057,1
28676,5046,5045,1
28677,5046,5048,1
28678,5046,5055,1
28679,5046,5044,1
28680,5046,5071,1
28681,5046,5058,1
28682,5046,5048,2
28683,5046,5054,2
28684,5046,5059,2
28685,5046,5072,-1
28686,5046,5056,-1
28687,5046,5070,-1
28688,5046,5074,-1
28689,5046,5061,-1
28690,5046,5062,-1
28691,5046,5063,-1
28692,5049,5127,1
28693,5049,5138,1
28694,5049,5123,1
28695,5049,5054,1
28696,5049,5048,1
28697,5049,5113,1
28698,5049,5050,1
28699,5049,5050,2
28700,5049,5060,2
28701,5049,5069,2
28702,5049,5127,2
28703,5049,5068,-1
28704,5049,5114,-1
28705,5049,5117,-1
28706,5049,5108,-1
28707,5049,5074,-1
28708,5049,5073,-1
28709,5049,5130,-1
28710,5049,5125,-1
28711,5049,5051,-2
28712,5049,5064,-2
28713,5049,5073,-2
28714,5050,5138,2
28715,5051,5062,1
28716,5051,5071,1
28717,5051,5044,2
28718,5051,5045,2
28719,5051,5046,2
28720,5051,5054,2
28721,5051,5055,2
28722,5051,5056,2
28723,5051,5057,2
28724,5051,5058,2
28725,5051,5059,2
28726,5051,5063,2
28727,5051,5066,2
28728,5051,5067,2
28729,5051,5068,2
28730,5051,5070,2
28731,5051,5072,2
28732,5051,5048,-1
28733,5051,5059,-1
28734,5051,5049,-1
28735,5051,5049,-2
28736,5051,5050,-2
28737,5051,5052,-2
28738,5051,5056,-2
28739,5051,5060,-2
28740,5051,5061,-2
28741,5051,5062,-2
28742,5051,5064,-2
28743,5051,5066,-2
28744,5051,5068,-2
28745,5051,5069,-2
28746,5051,5073,-2
28747,5051,5074,-2
28748,5052,5068,1
28749,5052,5094,1
28750,5052,5085,1
28751,5052,5089,1
28752,5052,5100,1
28753,5052,5074,1
28754,5052,5073,1
28755,5052,5099,1
28756,5052,5062,1
28757,5052,5092,1
28758,5052,5061,1
28759,5052,5108,1
28760,5052,5074,2
28761,5052,5100,2
28762,5052,5130,-1
28763,5052,5117,-1
28764,5052,5114,-1
28765,5052,5114,-2
28766,5053,5043,2
28767,5053,5051,-2
28768,5053,5061,-2
28769,5054,5057,1
28770,5054,5055,1
28771,5054,5065,1
28772,5054,5045,1
28773,5054,5046,1
28774,5054,5043,1
28775,5054,5058,1
28776,5054,5046,2
28777,5054,5048,2
28778,5054,5071,2
28779,5054,5072,-1
28780,5054,5068,-1
28781,5054,5070,-1
28782,5054,5056,-1
28783,5054,5061,-1
28784,5054,5066,-1
28785,5054,5075,-1
28786,5054,5074,-1
28787,5054,5062,-1
28788,5054,5051,-1
28789,5054,5052,-1
28790,5054,5063,-1
28791,5054,5058,-1
28792,5054,5064,-1
28793,5055,5048,1
28794,5055,5054,1
28795,5055,5046,1
28796,5055,5044,2
28797,5055,5045,2
28798,5055,5057,2
28799,5055,5058,2
28800,5055,5071,2
28801,5055,5072,-1
28802,5055,5061,-1
28803,5055,5075,-1
28804,5055,5074,-1
28805,5055,5052,-1
28806,5055,5062,-1
28807,5055,5056,-1
28808,5055,5056,-2
28809,5055,5068,-2
28810,5055,5070,-2
28811,5055,5074,-2
28812,5056,5059,1
28813,5056,5068,1
28814,5056,5070,1
28815,5056,5103,1
28816,5056,5126,1
28817,5056,5052,1
28818,5056,5063,1
28819,5056,5104,1
28820,5056,5072,1
28821,5056,5061,1
28822,5056,5075,1
28823,5056,5074,1
28824,5056,5062,1
28825,5056,5092,1
28826,5056,5067,1
28827,5056,5063,2
28828,5056,5066,2
28829,5056,5068,2
28830,5056,5051,-2
28831,5056,5067,-2
28832,5059,5127,1
28833,5059,5068,1
28834,5059,5083,1
28835,5059,5055,1
28836,5059,5116,1
28837,5059,5052,1
28838,5059,5063,1
28839,5059,5084,1
28840,5059,5058,1
28841,5059,5118,1
28842,5059,5111,1
28843,5059,5126,1
28844,5059,5066,1
28845,5059,5105,1
28846,5059,5139,1
28847,5059,5110,1
28848,5059,5067,1
28849,5059,5104,1
28850,5059,5071,1
28851,5059,5103,1
28852,5059,5138,1
28853,5059,5045,1
28854,5059,5044,1
28855,5059,5073,1
28856,5059,5109,1
28857,5059,5125,1
28858,5059,5069,1
28859,5059,5064,1
28860,5059,5086,1
28861,5059,5107,1
28862,5059,5065,1
28863,5059,5061,1
28864,5059,5075,1
28865,5059,5131,1
28866,5059,5062,1
28867,5059,5135,1
28868,5059,5101,1
28869,5059,5056,1
28870,5059,5081,1
28871,5059,5043,2
28872,5059,5046,2
28873,5059,5048,2
28874,5059,5054,2
28875,5059,5057,2
28876,5059,5079,2
28877,5059,5118,2
28878,5059,5122,-1
28879,5059,5082,-1
28880,5059,5049,-1
28881,5059,5123,-1
28882,5059,5085,-1
28883,5059,5096,-1
28884,5059,5090,-1
28885,5059,5087,-1
28886,5059,5134,-1
28887,5059,5093,-1
28888,5059,5051,-1
28889,5059,5095,-1
28890,5059,5098,-1
28891,5059,5114,-1
28892,5059,5132,-1
28893,5059,5094,-1
28894,5059,5129,-1
28895,5059,5133,-1
28896,5059,5100,-1
28897,5059,5099,-1
28898,5059,5102,-1
28899,5059,5092,-1
28900,5059,5112,-1
28901,5059,5080,-1
28902,5059,5106,-1
28903,5059,5137,-1
28904,5059,5108,-1
28905,5059,5078,-1
28906,5059,5097,-1
28907,5059,5089,-1
28908,5059,5120,-1
28909,5059,5076,-1
28910,5059,5119,-1
28911,5059,5130,-1
28912,5059,5140,-1
28913,5059,5117,-1
28914,5059,5124,-1
28915,5059,5053,-1
28916,5059,5088,-1
28917,5059,5091,-1
28918,5059,5113,-1
28919,5059,5121,-1
28920,5059,5136,-1
28921,5059,5050,-1
28922,5059,5128,-1
28923,5059,5051,-2
28924,5059,5077,-2
28925,5059,5102,-2
28926,5060,5048,1
28927,5060,5043,1
28928,5060,5054,1
28929,5060,5049,1
28930,5060,5049,2
28931,5060,5050,2
28932,5060,5069,2
28933,5060,5114,-1
28934,5060,5117,-1
28935,5060,5073,-1
28936,5060,5074,-1
28937,5060,5051,-1
28938,5060,5052,-1
28939,5060,5130,-1
28940,5060,5125,-1
28941,5060,5064,-1
28942,5060,5064,-2
28943,5060,5073,-2
28944,5061,5072,1
28945,5061,5068,1
28946,5061,5056,1
28947,5061,5070,1
28948,5061,5075,1
28949,5061,5066,1
28950,5061,5062,1
28951,5061,5063,1
28952,5061,5062,2
28953,5061,5074,2
28954,5061,5085,2
28955,5061,5087,2
28956,5061,5089,2
28957,5061,5092,2
28958,5061,5094,2
28959,5061,5114,-1
28960,5061,5076,-1
28961,5061,5081,-1
28962,5061,5051,-1
28963,5061,5111,-1
28964,5061,5108,-1
28965,5061,5130,-1
28966,5061,5114,-2
28967,5062,5059,1
28968,5062,5068,1
28969,5062,5056,1
28970,5062,5074,1
28971,5062,5094,1
28972,5062,5061,1
28973,5062,5066,1
28974,5062,5085,1
28975,5062,5052,1
28976,5062,5063,1
28977,5062,5101,1
28978,5062,5118,1
28979,5062,5125,1
28980,5062,5061,2
28981,5062,5074,2
28982,5062,5085,2
28983,5062,5087,2
28984,5062,5089,2
28985,5062,5092,2
28986,5062,5094,2
28987,5062,5051,-2
28988,5064,5072,1
28989,5064,5071,1
28990,5064,5059,1
28991,5064,5070,1
28992,5064,5108,1
28993,5064,5075,1
28994,5064,5046,1
28995,5064,5059,2
28996,5064,5073,2
28997,5064,5102,2
28998,5064,5125,2
28999,5064,5138,2
29000,5064,5047,-1
29001,5064,5067,-1
29002,5065,5122,1
29003,5065,5054,1
29004,5065,5046,1
29005,5065,5073,1
29006,5065,5105,1
29007,5065,5064,1
29008,5065,5044,2
29009,5065,5045,2
29010,5065,5055,2
29011,5065,5057,2
29012,5065,5058,2
29013,5065,5066,2
29014,5065,5069,2
29015,5065,5071,2
29016,5065,5083,2
29017,5065,5084,2
29018,5065,5103,2
29019,5065,5104,2
29020,5065,5128,2
29021,5065,5131,2
29022,5065,5137,2
29023,5065,5068,-1
29024,5065,5061,-1
29025,5065,5062,-1
29026,5065,5052,-1
29027,5065,5063,-1
29028,5065,5056,-1
29029,5065,5051,-2
29030,5065,5070,-2
29031,5065,5072,-2
29032,5065,5075,-2
29033,5066,5059,1
29034,5066,5057,1
29035,5066,5070,1
29036,5066,5056,1
29037,5066,5065,1
29038,5066,5061,1
29039,5066,5075,1
29040,5066,5074,1
29041,5066,5052,1
29042,5066,5062,1
29043,5066,5092,1
29044,5066,5087,1
29045,5066,5101,1
29046,5066,5081,1
29047,5066,5067,1
29048,5066,5056,2
29049,5066,5063,2
29050,5066,5068,2
29051,5066,5103,2
29052,5066,5104,2
29053,5066,5085,-1
29054,5066,5089,-1
29055,5066,5094,-1
29056,5066,5090,-1
29057,5066,5044,-1
29058,5066,5094,-2
29059,5067,5044,2
29060,5067,5045,2
29061,5067,5046,2
29062,5067,5047,2
29063,5067,5048,2
29064,5067,5052,2
29065,5067,5054,2
29066,5067,5055,2
29067,5067,5056,2
29068,5067,5057,2
29069,5067,5058,2
29070,5067,5059,2
29071,5067,5061,2
29072,5067,5062,2
29073,5067,5063,2
29074,5067,5064,2
29075,5067,5065,2
29076,5067,5066,2
29077,5067,5068,2
29078,5067,5070,2
29079,5067,5071,2
29080,5067,5072,2
29081,5067,5073,2
29082,5067,5074,2
29083,5067,5075,2
29084,5067,5107,2
29085,5067,5122,2
29086,5067,5131,2
29087,5067,5133,2
29088,5067,5051,-2
29089,5067,5053,-2
29090,5068,5059,1
29091,5068,5057,1
29092,5068,5070,1
29093,5068,5103,1
29094,5068,5073,1
29095,5068,5076,1
29096,5068,5052,1
29097,5068,5087,1
29098,5068,5047,1
29099,5068,5069,1
29100,5068,5111,1
29101,5068,5072,1
29102,5068,5065,1
29103,5068,5061,1
29104,5068,5066,1
29105,5068,5075,1
29106,5068,5074,1
29107,5068,5062,1
29108,5068,5092,1
29109,5068,5053,1
29110,5068,5101,1
29111,5068,5081,1
29112,5068,5067,1
29113,5068,5043,2
29114,5068,5056,2
29115,5068,5063,2
29116,5068,5066,2
29117,5068,5127,-1
29118,5068,5083,-1
29119,5068,5070,-1
29120,5068,5122,-1
29121,5068,5082,-1
29122,5068,5123,-1
29123,5068,5085,-1
29124,5068,5139,-1
29125,5068,5116,-1
29126,5068,5134,-1
29127,5068,5118,-1
29128,5068,5093,-1
29129,5068,5111,-1
29130,5068,5126,-1
29131,5068,5115,-1
29132,5068,5098,-1
29133,5068,5114,-1
29134,5068,5132,-1
29135,5068,5094,-1
29136,5068,5129,-1
29137,5068,5133,-1
29138,5068,5099,-1
29139,5068,5112,-1
29140,5068,5105,-1
29141,5068,5080,-1
29142,5068,5067,-1
29143,5068,5106,-1
29144,5068,5137,-1
29145,5068,5108,-1
29146,5068,5078,-1
29147,5068,5097,-1
29148,5068,5138,-1
29149,5068,5089,-1
29150,5068,5120,-1
29151,5068,5079,-1
29152,5068,5109,-1
29153,5068,5119,-1
29154,5068,5125,-1
29155,5068,5130,-1
29156,5068,5077,-1
29157,5068,5140,-1
29158,5068,5072,-1
29159,5068,5107,-1
29160,5068,5117,-1
29161,5068,5131,-1
29162,5068,5124,-1
29163,5068,5135,-1
29164,5068,5091,-1
29165,5068,5088,-1
29166,5068,5113,-1
29167,5068,5121,-1
29168,5068,5110,-1
29169,5068,5136,-1
29170,5068,5128,-1
29171,5068,5051,-2
29172,5068,5094,-2
29173,5069,5138,1
29174,5069,5123,1
29175,5069,5124,1
29176,5069,5116,1
29177,5069,5113,1
29178,5069,5060,1
29179,5069,5049,2
29180,5069,5050,2
29181,5069,5060,2
29182,5070,5045,-1
29183,5070,5058,-1
29184,5070,5044,-1
29185,5070,5044,-2
29186,5071,5073,1
29187,5071,5057,1
29188,5071,5048,1
29189,5071,5055,1
29190,5071,5045,1
29191,5071,5054,1
29192,5071,5065,1
29193,5071,5046,1
29194,5071,5044,1
29195,5071,5058,1
29196,5071,5055,2
29197,5071,5065,2
29198,5071,5072,-1
29199,5071,5068,-1
29200,5071,5061,-1
29201,5071,5075,-1
29202,5071,5062,-1
29203,5071,5051,-1
29204,5071,5056,-1
29205,5072,5059,1
29206,5072,5057,1
29207,5072,5068,1
29208,5072,5046,1
29209,5072,5063,1
29210,5072,5047,1
29211,5072,5051,1
29212,5072,5064,1
29213,5072,5065,1
29214,5072,5061,1
29215,5072,5066,1
29216,5072,5043,1
29217,5072,5062,1
29218,5072,5053,1
29219,5072,5056,1
29220,5072,5067,1
29221,5072,5067,2
29222,5072,5070,2
29223,5072,5075,2
29224,5072,5074,-1
29225,5072,5061,-1
29226,5072,5044,-1
29227,5072,5058,-1
29228,5072,5044,-2
29229,5073,5068,1
29230,5073,5059,1
29231,5073,5070,1
29232,5073,5071,1
29233,5073,5116,1
29234,5073,5052,1
29235,5073,5046,1
29236,5073,5063,1
29237,5073,5125,1
29238,5073,5093,1
29239,5073,5072,1
29240,5073,5138,1
29241,5073,5065,1
29242,5073,5061,1
29243,5073,5066,1
29244,5073,5054,1
29245,5073,5075,1
29246,5073,5124,1
29247,5073,5062,1
29248,5073,5113,1
29249,5073,5052,2
29250,5073,5064,2
29251,5073,5074,2
29252,5073,5125,2
29253,5074,5068,1
29254,5074,5094,1
29255,5074,5061,1
29256,5074,5066,1
29257,5074,5113,1
29258,5074,5073,1
29259,5074,5099,1
29260,5074,5052,1
29261,5074,5061,2
29262,5074,5062,2
29263,5074,5085,2
29264,5074,5087,2
29265,5074,5089,2
29266,5074,5092,2
29267,5074,5094,2
29268,5074,5114,-1
29269,5074,5117,-1
29270,5074,5130,-1
29271,5074,5111,-1
29272,5074,5108,-1
29273,5074,5114,-2
29274,5076,5117,1
29275,5076,5135,1
29276,5076,5131,1
29277,5076,5124,1
29278,5076,5100,1
29279,5076,5118,1
29280,5076,5105,1
29281,5076,5130,1
29282,5076,5104,1
29283,5076,5083,2
29284,5076,5085,2
29285,5076,5103,2
29286,5076,5111,2
29287,5076,5114,2
29288,5076,5130,2
29289,5076,5068,-1
29290,5076,5070,-1
29291,5076,5066,-1
29292,5076,5062,-1
29293,5076,5092,-1
29294,5076,5052,-1
29295,5076,5063,-1
29296,5076,5101,-1
29297,5076,5081,-1
29298,5076,5051,-1
29299,5076,5072,-1
29300,5076,5051,-2
29301,5076,5061,-2
29302,5076,5081,-2
29303,5076,5091,-2
29304,5076,5101,-2
29305,5077,5083,1
29306,5077,5103,1
29307,5077,5106,1
29308,5077,5076,1
29309,5077,5090,1
29310,5077,5087,1
29311,5077,5115,1
29312,5077,5100,1
29313,5077,5099,1
29314,5077,5043,1
29315,5077,5102,1
29316,5077,5092,1
29317,5077,5133,1
29318,5077,5101,1
29319,5077,5081,1
29320,5077,5105,1
29321,5077,5080,1
29322,5077,5104,1
29323,5077,5133,2
29324,5077,5098,-1
29325,5077,5117,-1
29326,5077,5097,-1
29327,5077,5096,-1
29328,5077,5091,-1
29329,5077,5086,-1
29330,5077,5139,-1
29331,5079,5095,1
29332,5079,5106,1
29333,5079,5103,1
29334,5079,5099,1
29335,5079,5043,1
29336,5079,5088,1
29337,5079,5101,1
29338,5079,5080,1
29339,5079,5104,1
29340,5079,5080,2
29341,5079,5081,2
29342,5079,5083,2
29343,5079,5084,2
29344,5079,5090,2
29345,5079,5093,2
29346,5079,5100,2
29347,5079,5105,2
29348,5079,5107,2
29349,5079,5086,-1
29350,5079,5098,-1
29351,5079,5102,-1
29352,5079,5078,-1
29353,5079,5097,-1
29354,5079,5094,-1
29355,5079,5085,-1
29356,5079,5089,-1
29357,5079,5096,-1
29358,5079,5092,-1
29359,5079,5091,-1
29360,5079,5087,-1
29361,5079,5077,-1
29362,5079,5078,-2
29363,5079,5094,-2
29364,5080,5083,1
29365,5080,5106,1
29366,5080,5108,1
29367,5080,5082,1
29368,5080,5107,1
29369,5080,5114,1
29370,5080,5085,1
29371,5080,5100,1
29372,5080,5076,1
29373,5080,5099,1
29374,5080,5102,1
29375,5080,5079,1
29376,5080,5088,1
29377,5080,5090,1
29378,5080,5087,1
29379,5080,5101,1
29380,5080,5093,1
29381,5080,5093,2
29382,5080,5095,2
29383,5080,5097,2
29384,5080,5098,2
29385,5080,5106,2
29386,5080,5068,-1
29387,5080,5103,-1
29388,5080,5078,-1
29389,5080,5074,-1
29390,5080,5051,-1
29391,5080,5130,-1
29392,5080,5105,-1
29393,5080,5077,-1
29394,5080,5104,-1
29395,5080,5105,-2
29396,5081,5086,1
29397,5081,5094,1
29398,5081,5085,1
29399,5081,5089,1
29400,5081,5100,1
29401,5081,5099,1
29402,5081,5043,1
29403,5081,5092,1
29404,5081,5126,1
29405,5081,5043,2
29406,5081,5079,2
29407,5081,5083,2
29408,5081,5084,2
29409,5081,5087,2
29410,5081,5101,2
29411,5081,5103,2
29412,5081,5104,2
29413,5081,5043,2
29414,5081,5098,-1
29415,5081,5097,-1
29416,5081,5130,-1
29417,5081,5053,-1
29418,5081,5088,-1
29419,5081,5090,-1
29420,5081,5091,-1
29421,5081,5056,-1
29422,5081,5051,-2
29423,5081,5061,-2
29424,5081,5080,-2
29425,5081,5090,-2
29426,5082,5083,1
29427,5082,5094,1
29428,5082,5085,1
29429,5082,5089,1
29430,5082,5076,1
29431,5082,5092,1
29432,5082,5084,1
29433,5082,5091,1
29434,5082,5090,1
29435,5082,5100,1
29436,5082,5081,1
29437,5082,5085,2
29438,5082,5091,2
29439,5082,5096,-1
29440,5082,5103,-1
29441,5082,5077,-1
29442,5082,5104,-1
29443,5082,5077,-2
29444,5083,5103,1
29445,5083,5082,1
29446,5083,5085,1
29447,5083,5076,1
29448,5083,5079,1
29449,5083,5084,1
29450,5083,5090,1
29451,5083,5093,1
29452,5083,5106,1
29453,5083,5095,1
29454,5083,5100,1
29455,5083,5099,1
29456,5083,5102,1
29457,5083,5092,1
29458,5083,5081,1
29459,5083,5104,1
29460,5083,5084,2
29461,5083,5101,2
29462,5083,5103,2
29463,5084,5095,1
29464,5084,5065,1
29465,5084,5103,1
29466,5084,5107,1
29467,5084,5099,1
29468,5084,5102,1
29469,5084,5043,1
29470,5084,5079,1
29471,5084,5128,1
29472,5084,5088,1
29473,5084,5081,1
29474,5084,5126,1
29475,5084,5093,1
29476,5084,5104,1
29477,5084,5079,2
29478,5084,5083,2
29479,5084,5105,2
29480,5084,5106,2
29481,5084,5107,2
29482,5084,5077,-1
29483,5084,5078,-1
29484,5084,5096,-1
29485,5085,5101,1
29486,5085,5083,1
29487,5085,5082,1
29488,5085,5094,1
29489,5085,5061,1
29490,5085,5100,1
29491,5085,5074,1
29492,5085,5076,1
29493,5085,5052,1
29494,5085,5043,1
29495,5085,5062,1
29496,5085,5091,1
29497,5085,5090,1
29498,5085,5087,1
29499,5085,5074,2
29500,5085,5081,2
29501,5085,5089,2
29502,5085,5092,2
29503,5085,5094,2
29504,5085,5072,-1
29505,5085,5070,-1
29506,5085,5117,-1
29507,5085,5097,-1
29508,5085,5048,-1
29509,5085,5054,-1
29510,5085,5066,-1
29511,5085,5088,-1
29512,5085,5049,-1
29513,5085,5064,-1
29514,5085,5051,-1
29515,5085,5130,-1
29516,5085,5108,-1
29517,5085,5050,-1
29518,5085,5104,-1
29519,5087,5043,1
29520,5087,5112,1
29521,5087,5043,2
29522,5087,5137,-1
29523,5087,5122,-1
29524,5087,5138,-1
29525,5087,5123,-1
29526,5087,5139,-1
29527,5087,5120,-1
29528,5087,5119,-1
29529,5087,5116,-1
29530,5087,5109,-1
29531,5087,5134,-1
29532,5087,5118,-1
29533,5087,5111,-1
29534,5087,5130,-1
29535,5087,5140,-1
29536,5087,5115,-1
29537,5087,5114,-1
29538,5087,5117,-1
29539,5087,5132,-1
29540,5087,5129,-1
29541,5087,5133,-1
29542,5087,5131,-1
29543,5087,5124,-1
29544,5087,5135,-1
29545,5087,5121,-1
29546,5087,5113,-1
29547,5087,5136,-1
29548,5087,5108,-1
29549,5087,5128,-1
29550,5087,5117,-2
29551,5088,5071,1
29552,5088,5083,1
29553,5088,5106,1
29554,5088,5058,1
29555,5088,5102,1
29556,5088,5119,1
29557,5088,5137,1
29558,5088,5084,1
29559,5088,5090,1
29560,5088,5044,1
29561,5088,5136,1
29562,5088,5080,1
29563,5088,5080,2
29564,5088,5093,2
29565,5088,5095,2
29566,5088,5097,2
29567,5088,5098,2
29568,5088,5099,2
29569,5088,5100,2
29570,5088,5102,2
29571,5088,5102,-1
29572,5088,5082,-1
29573,5088,5094,-1
29574,5088,5092,-1
29575,5088,5101,-1
29576,5088,5078,-1
29577,5088,5081,-1
29578,5089,5061,2
29579,5089,5062,2
29580,5089,5074,2
29581,5089,5081,2
29582,5089,5082,2
29583,5089,5085,2
29584,5089,5087,2
29585,5089,5091,2
29586,5089,5092,2
29587,5089,5094,2
29588,5089,5097,-2
29589,5089,5105,-2
29590,5090,5117,1
29591,5090,5108,1
29592,5090,5114,1
29593,5090,5114,2
29594,5090,5072,-1
29595,5090,5070,-1
29596,5090,5132,-1
29597,5090,5060,-1
29598,5090,5055,-1
29599,5090,5066,-1
29600,5090,5045,-1
29601,5090,5099,-1
29602,5090,5125,-1
29603,5090,5051,-1
29604,5090,5126,-1
29605,5090,5064,-1
29606,5090,5130,-1
29607,5090,5140,-1
29608,5090,5051,-2
29609,5090,5061,-2
29610,5090,5101,-2
29611,5090,5103,-2
29612,5090,5104,-2
29613,5090,5105,-2
29614,5090,5130,-2
29615,5091,5081,1
29616,5091,5082,1
29617,5091,5087,1
29618,5091,5082,2
29619,5091,5085,2
29620,5091,5089,2
29621,5091,5092,2
29622,5091,5094,2
29623,5091,5103,-1
29624,5091,5061,-1
29625,5091,5097,-1
29626,5091,5103,-2
29627,5091,5104,-2
29628,5092,5101,1
29629,5092,5068,1
29630,5092,5083,1
29631,5092,5094,1
29632,5092,5066,1
29633,5092,5100,1
29634,5092,5043,1
29635,5092,5091,1
29636,5092,5081,1
29637,5092,5061,2
29638,5092,5062,2
29639,5092,5074,2
29640,5092,5085,2
29641,5092,5087,2
29642,5092,5089,2
29643,5092,5094,2
29644,5092,5108,-1
29645,5092,5097,-1
29646,5092,5045,-1
29647,5092,5048,-1
29648,5092,5055,-1
29649,5092,5046,-1
29650,5092,5130,-1
29651,5092,5044,-1
29652,5092,5049,-1
29653,5092,5058,-1
29654,5092,5051,-1
29655,5092,5064,-1
29656,5092,5117,-1
29657,5092,5054,-1
29658,5092,5088,-1
29659,5092,5060,-1
29660,5092,5050,-1
29661,5093,5071,1
29662,5093,5083,1
29663,5093,5106,1
29664,5093,5108,1
29665,5093,5107,1
29666,5093,5094,1
29667,5093,5055,1
29668,5093,5100,1
29669,5093,5073,1
29670,5093,5116,1
29671,5093,5084,1
29672,5093,5129,1
29673,5093,5090,1
29674,5093,5058,1
29675,5093,5105,1
29676,5093,5080,1
29677,5093,5080,2
29678,5093,5088,2
29679,5093,5095,2
29680,5093,5097,2
29681,5093,5098,2
29682,5093,5116,2
29683,5093,5072,-1
29684,5093,5070,-1
29685,5093,5117,-1
29686,5093,5078,-1
29687,5093,5049,-1
29688,5093,5056,-1
29689,5093,5085,-1
29690,5093,5050,-1
29691,5093,5074,-1
29692,5093,5102,-1
29693,5093,5052,-1
29694,5093,5063,-1
29695,5093,5087,-1
29696,5093,5125,-1
29697,5093,5051,-1
29698,5093,5111,-1
29699,5093,5126,-1
29700,5093,5051,-2
29701,5093,5061,-2
29702,5093,5062,-2
29703,5093,5066,-2
29704,5093,5068,-2
29705,5093,5069,-2
29706,5093,5074,-2
29707,5094,5061,2
29708,5094,5062,2
29709,5094,5074,2
29710,5094,5081,2
29711,5094,5082,2
29712,5094,5085,2
29713,5094,5087,2
29714,5094,5089,2
29715,5094,5091,2
29716,5094,5092,2
29717,5094,5127,-1
29718,5094,5068,-1
29719,5094,5070,-1
29720,5094,5122,-1
29721,5094,5123,-1
29722,5094,5139,-1
29723,5094,5116,-1
29724,5094,5134,-1
29725,5094,5118,-1
29726,5094,5111,-1
29727,5094,5126,-1
29728,5094,5115,-1
29729,5094,5132,-1
29730,5094,5129,-1
29731,5094,5133,-1
29732,5094,5099,-1
29733,5094,5112,-1
29734,5094,5105,-1
29735,5094,5137,-1
29736,5094,5108,-1
29737,5094,5097,-1
29738,5094,5120,-1
29739,5094,5119,-1
29740,5094,5109,-1
29741,5094,5125,-1
29742,5094,5130,-1
29743,5094,5140,-1
29744,5094,5072,-1
29745,5094,5117,-1
29746,5094,5066,-1
29747,5094,5131,-1
29748,5094,5075,-1
29749,5094,5124,-1
29750,5094,5135,-1
29751,5094,5121,-1
29752,5094,5110,-1
29753,5094,5136,-1
29754,5094,5128,-1
29755,5094,5068,-2
29756,5094,5114,-2
29757,5094,5117,-2
29758,5095,5106,1
29759,5095,5083,1
29760,5095,5098,1
29761,5095,5100,1
29762,5095,5107,1
29763,5095,5102,1
29764,5095,5079,1
29765,5095,5084,1
29766,5095,5088,1
29767,5095,5090,1
29768,5095,5105,1
29769,5095,5080,1
29770,5095,5073,1
29771,5095,5080,2
29772,5095,5093,2
29773,5095,5097,2
29774,5095,5098,2
29775,5095,5068,-1
29776,5095,5070,-1
29777,5095,5117,-1
29778,5095,5078,-1
29779,5095,5085,-1
29780,5095,5096,-1
29781,5095,5074,-1
29782,5095,5051,-1
29783,5095,5116,-1
29784,5095,5063,-1
29785,5095,5130,-1
29786,5095,5101,-1
29787,5095,5056,-1
29788,5095,5077,-1
29789,5095,5051,-2
29790,5097,5106,1
29791,5097,5098,1
29792,5097,5100,1
29793,5097,5107,1
29794,5097,5076,1
29795,5097,5088,1
29796,5097,5090,1
29797,5097,5043,2
29798,5097,5080,2
29799,5097,5093,2
29800,5097,5095,2
29801,5097,5106,2
29802,5097,5090,-1
29803,5097,5078,-1
29804,5097,5090,-2
29805,5097,5106,-2
29806,5098,5106,1
29807,5098,5100,1
29808,5098,5080,2
29809,5098,5088,2
29810,5098,5090,2
29811,5098,5093,2
29812,5098,5095,2
29813,5098,5097,2
29814,5098,5102,2
29815,5098,5107,2
29816,5098,5090,-2
29817,5098,5101,-2
29818,5098,5104,-2
29819,5098,5105,-2
29820,5099,5096,1
29821,5099,5043,2
29822,5099,5076,2
29823,5099,5077,2
29824,5099,5078,2
29825,5099,5079,2
29826,5099,5080,2
29827,5099,5081,2
29828,5099,5082,2
29829,5099,5083,2
29830,5099,5084,2
29831,5099,5085,2
29832,5099,5086,2
29833,5099,5087,2
29834,5099,5088,2
29835,5099,5089,2
29836,5099,5090,2
29837,5099,5091,2
29838,5099,5092,2
29839,5099,5093,2
29840,5099,5094,2
29841,5099,5095,2
29842,5099,5097,2
29843,5099,5098,2
29844,5099,5100,2
29845,5099,5101,2
29846,5099,5102,2
29847,5099,5103,2
29848,5099,5104,2
29849,5099,5105,2
29850,5099,5106,2
29851,5099,5107,2
29852,5099,5078,-2
29853,5099,5096,-2
29854,5100,5068,1
29855,5100,5082,1
29856,5100,5096,1
29857,5100,5090,1
29858,5100,5111,1
29859,5100,5098,1
29860,5100,5094,1
29861,5100,5066,1
29862,5100,5099,1
29863,5100,5080,1
29864,5100,5104,1
29865,5100,5103,1
29866,5100,5106,1
29867,5100,5108,1
29868,5100,5078,1
29869,5100,5097,1
29870,5100,5077,1
29871,5100,5086,1
29872,5100,5061,1
29873,5100,5074,1
29874,5100,5062,1
29875,5100,5091,1
29876,5100,5088,1
29877,5100,5101,1
29878,5100,5056,1
29879,5100,5052,2
29880,5100,5076,2
29881,5100,5079,2
29882,5100,5081,2
29883,5100,5083,2
29884,5100,5084,2
29885,5100,5085,2
29886,5100,5087,2
29887,5100,5089,2
29888,5100,5092,2
29889,5100,5093,2
29890,5100,5095,2
29891,5100,5102,2
29892,5100,5105,2
29893,5100,5107,2
29894,5100,5114,2
29895,5100,5115,-1
29896,5100,5122,-1
29897,5100,5132,-1
29898,5100,5060,-1
29899,5100,5045,-1
29900,5100,5129,-1
29901,5100,5065,-1
29902,5100,5124,-1
29903,5100,5046,-1
29904,5100,5109,-1
29905,5100,5121,-1
29906,5100,5088,-1
29907,5100,5134,-1
29908,5100,5044,-1
29909,5100,5064,-1
29910,5100,5140,-1
29911,5100,5046,-2
29912,5100,5048,-2
29913,5100,5051,-2
29914,5100,5054,-2
29915,5100,5055,-2
29916,5100,5058,-2
29917,5100,5070,-2
29918,5100,5072,-2
29919,5100,5119,-2
29920,5100,5125,-2
29921,5100,5134,-2
29922,5101,5103,1
29923,5101,5094,1
29924,5101,5089,1
29925,5101,5079,1
29926,5101,5092,1
29927,5101,5084,1
29928,5101,5087,1
29929,5101,5105,1
29930,5101,5066,2
29931,5101,5081,2
29932,5101,5083,2
29933,5101,5104,2
29934,5101,5114,2
29935,5101,5117,2
29936,5101,5085,-1
29937,5101,5108,-1
29938,5101,5076,-2
29939,5101,5090,-2
29940,5101,5097,-2
29941,5101,5098,-2
29942,5101,5113,-2
29943,5101,5130,-2
29944,5101,5138,-2
29945,5102,5103,1
29946,5102,5097,1
29947,5102,5100,1
29948,5102,5099,1
29949,5102,5076,1
29950,5102,5043,1
29951,5102,5080,1
29952,5102,5108,1
29953,5102,5104,1
29954,5102,5064,2
29955,5102,5098,2
29956,5102,5100,2
29957,5102,5101,-1
29958,5102,5093,-1
29959,5102,5101,-2
29960,5103,5112,1
29961,5103,5056,1
29962,5103,5066,1
29963,5103,5043,1
29964,5103,5081,1
29965,5103,5111,1
29966,5103,5110,1
29967,5103,5104,1
29968,5103,5066,2
29969,5103,5076,2
29970,5103,5083,2
29971,5103,5101,2
29972,5103,5104,2
29973,5103,5097,-1
29974,5103,5094,-1
29975,5103,5085,-1
29976,5103,5098,-1
29977,5103,5091,-1
29978,5103,5088,-1
29979,5103,5090,-1
29980,5103,5093,-1
29981,5103,5080,-1
29982,5104,5043,1
29983,5104,5065,1
29984,5104,5111,1
29985,5104,5114,1
29986,5104,5056,2
29987,5104,5066,2
29988,5104,5081,2
29989,5104,5083,2
29990,5104,5101,2
29991,5104,5103,2
29992,5104,5111,2
29993,5104,5094,-1
29994,5104,5085,-1
29995,5104,5091,-1
29996,5104,5088,-1
29997,5104,5090,-1
29998,5104,5080,-1
29999,5104,5091,-2
30000,5104,5093,-2
30001,5104,5097,-2
30002,5104,5098,-2
30003,5105,5083,1
30004,5105,5103,1
30005,5105,5106,1
30006,5105,5100,1
30007,5105,5076,1
30008,5105,5043,1
30009,5105,5079,1
30010,5105,5092,1
30011,5105,5084,1
30012,5105,5107,1
30013,5105,5087,1
30014,5105,5101,1
30015,5105,5081,1
30016,5105,5077,1
30017,5105,5104,1
30018,5105,5079,2
30019,5105,5106,2
30020,5105,5096,-1
30021,5105,5088,-1
30022,5105,5090,-1
30023,5105,5078,-1
30024,5105,5080,-1
30025,5105,5126,-1
30026,5106,5083,1
30027,5106,5099,1
30028,5106,5043,1
30029,5106,5079,1
30030,5106,5084,1
30031,5106,5087,1
30032,5106,5093,1
30033,5106,5080,1
30034,5106,5077,1
30035,5106,5080,2
30036,5106,5105,2
30037,5106,5107,2
30038,5106,5096,-1
30039,5106,5112,-1
30040,5106,5076,-1
30041,5106,5090,-1
30042,5106,5096,-2
30043,5107,5095,1
30044,5107,5098,1
30045,5107,5097,1
30046,5107,5090,1
30047,5107,5093,1
30048,5107,5079,2
30049,5107,5105,2
30050,5107,5106,2
30051,5107,5078,-1
30052,5107,5096,-1
30053,5107,5096,-2
30054,5108,5114,1
30055,5108,5138,1
30056,5108,5048,2
30057,5108,5117,2
30058,5108,5114,2
30059,5108,5116,-1
30060,5108,5124,-1
30061,5108,5124,-2
30062,5108,5130,-2
30063,5109,5127,1
30064,5109,5123,1
30065,5109,5133,1
30066,5109,5124,1
30067,5109,5116,1
30068,5109,5135,1
30069,5109,5121,1
30070,5109,5113,1
30071,5109,5134,1
30072,5109,5111,1
30073,5109,5126,1
30074,5109,5139,1
30075,5109,5128,1
30076,5109,5043,2
30077,5109,5110,2
30078,5109,5112,2
30079,5109,5115,2
30080,5109,5118,2
30081,5109,5119,2
30082,5109,5122,2
30083,5109,5131,2
30084,5109,5135,2
30085,5109,5108,-1
30086,5109,5114,-1
30087,5109,5114,-2
30088,5109,5117,-2
30089,5110,5138,1
30090,5110,5123,1
30091,5110,5133,1
30092,5110,5116,1
30093,5110,5134,1
30094,5110,5118,1
30095,5110,5043,2
30096,5110,5109,2
30097,5110,5111,2
30098,5110,5112,2
30099,5110,5115,2
30100,5110,5122,2
30101,5110,5127,2
30102,5110,5131,2
30103,5110,5135,2
30104,5110,5139,2
30105,5110,5125,-1
30106,5110,5126,-1
30107,5111,5127,1
30108,5111,5115,1
30109,5111,5123,1
30110,5111,5129,1
30111,5111,5133,1
30112,5111,5131,1
30113,5111,5124,1
30114,5111,5109,1
30115,5111,5128,1
30116,5111,5043,2
30117,5111,5110,2
30118,5111,5112,2
30119,5111,5113,2
30120,5111,5116,2
30121,5111,5118,2
30122,5111,5126,2
30123,5111,5130,2
30124,5111,5135,2
30125,5111,5139,2
30126,5111,5093,-1
30127,5111,5091,-1
30128,5111,5090,-1
30129,5111,5061,-2
30130,5111,5077,-2
30131,5111,5094,-2
30132,5111,5095,-2
30133,5111,5096,-2
30134,5111,5097,-2
30135,5111,5098,-2
30136,5112,5127,1
30137,5112,5106,1
30138,5112,5138,1
30139,5112,5122,1
30140,5112,5043,1
30141,5112,5109,1
30142,5112,5116,1
30143,5112,5126,1
30144,5112,5103,2
30145,5112,5110,2
30146,5112,5111,2
30147,5112,5113,2
30148,5112,5118,2
30149,5112,5130,2
30150,5112,5135,2
30151,5112,5139,2
30152,5112,5132,-1
30153,5112,5108,-1
30154,5112,5114,-1
30155,5112,5117,-1
30156,5113,5115,1
30157,5113,5137,1
30158,5113,5138,1
30159,5113,5094,1
30160,5113,5085,1
30161,5113,5076,1
30162,5113,5135,1
30163,5113,5125,1
30164,5113,5139,1
30165,5113,5069,2
30166,5113,5074,2
30167,5113,5111,2
30168,5113,5112,2
30169,5113,5116,2
30170,5113,5123,2
30171,5113,5124,2
30172,5113,5130,2
30173,5113,5131,2
30174,5113,5138,2
30175,5113,5126,-1
30176,5113,5136,-1
30177,5113,5117,-1
30178,5113,5114,-1
30179,5113,5117,-2
30180,5114,5115,1
30181,5114,5103,1
30182,5114,5117,1
30183,5114,5138,1
30184,5114,5090,1
30185,5114,5111,1
30186,5114,5080,1
30187,5114,5066,2
30188,5114,5076,2
30189,5114,5101,2
30190,5114,5104,2
30191,5114,5108,2
30192,5114,5117,2
30193,5114,5061,-2
30194,5114,5062,-2
30195,5114,5074,-2
30196,5114,5082,-2
30197,5114,5085,-2
30198,5114,5087,-2
30199,5114,5089,-2
30200,5114,5091,-2
30201,5114,5092,-2
30202,5114,5094,-2
30203,5115,5136,1
30204,5115,5114,1
30205,5115,5123,1
30206,5115,5129,1
30207,5115,5135,1
30208,5115,5113,1
30209,5115,5118,1
30210,5115,5126,1
30211,5115,5130,1
30212,5115,5043,2
30213,5115,5109,2
30214,5115,5110,2
30215,5115,5112,2
30216,5115,5116,2
30217,5115,5122,2
30218,5115,5127,2
30219,5115,5131,2
30220,5115,5133,2
30221,5115,5134,2
30222,5115,5135,2
30223,5115,5074,-1
30224,5115,5068,-1
30225,5115,5070,-1
30226,5115,5066,-1
30227,5115,5068,-2
30228,5116,5127,1
30229,5116,5137,1
30230,5116,5122,1
30231,5116,5132,1
30232,5116,5138,1
30233,5116,5129,1
30234,5116,5139,1
30235,5116,5120,1
30236,5116,5125,1
30237,5116,5119,1
30238,5116,5109,1
30239,5116,5134,1
30240,5116,5118,1
30241,5116,5110,1
30242,5116,5126,1
30243,5116,5128,1
30244,5116,5140,1
30245,5116,5043,2
30246,5116,5111,2
30247,5116,5112,2
30248,5116,5113,2
30249,5116,5115,2
30250,5116,5121,2
30251,5116,5123,2
30252,5116,5124,2
30253,5116,5130,2
30254,5116,5131,2
30255,5116,5135,2
30256,5116,5138,2
30257,5116,5050,-1
30258,5116,5049,-1
30259,5116,5044,-2
30260,5116,5047,-2
30261,5116,5048,-2
30262,5116,5051,-2
30263,5116,5052,-2
30264,5116,5053,-2
30265,5116,5055,-2
30266,5116,5056,-2
30267,5116,5057,-2
30268,5116,5058,-2
30269,5116,5059,-2
30270,5116,5061,-2
30271,5116,5062,-2
30272,5116,5063,-2
30273,5116,5064,-2
30274,5116,5065,-2
30275,5116,5067,-2
30276,5116,5070,-2
30277,5116,5071,-2
30278,5116,5072,-2
30279,5116,5073,-2
30280,5116,5074,-2
30281,5116,5075,-2
30282,5116,5043,-2
30283,5116,5077,-2
30284,5116,5078,-2
30285,5116,5079,-2
30286,5116,5080,-2
30287,5116,5081,-2
30288,5116,5083,-2
30289,5116,5084,-2
30290,5116,5085,-2
30291,5116,5086,-2
30292,5116,5087,-2
30293,5116,5088,-2
30294,5116,5089,-2
30295,5116,5090,-2
30296,5116,5091,-2
30297,5116,5092,-2
30298,5116,5094,-2
30299,5116,5095,-2
30300,5116,5096,-2
30301,5116,5097,-2
30302,5116,5098,-2
30303,5116,5099,-2
30304,5116,5100,-2
30305,5116,5101,-2
30306,5116,5102,-2
30307,5116,5103,-2
30308,5116,5104,-2
30309,5116,5105,-2
30310,5116,5106,-2
30311,5116,5107,-2
30312,5116,5126,-2
30313,5116,5133,-2
30314,5116,5136,-2
30315,5116,5140,-2
30316,5117,5111,1
30317,5117,5114,1
30318,5117,5138,1
30319,5117,5108,2
30320,5117,5114,2
30321,5117,5074,-2
30322,5117,5082,-2
30323,5117,5085,-2
30324,5117,5089,-2
30325,5117,5091,-2
30326,5117,5092,-2
30327,5117,5094,-2
30328,5117,5109,-2
30329,5117,5113,-2
30330,5117,5116,-2
30331,5117,5124,-2
30332,5117,5125,-2
30333,5117,5126,-2
30334,5117,5130,-2
30335,5117,5135,-2
30336,5117,5136,-2
30337,5118,5103,1
30338,5118,5106,1
30339,5118,5138,1
30340,5118,5122,1
30341,5118,5133,1
30342,5118,5109,1
30343,5118,5134,1
30344,5118,5110,1
30345,5118,5126,1
30346,5118,5059,2
30347,5118,5111,2
30348,5118,5112,2
30349,5118,5131,2
30350,5118,5135,2
30351,5118,5139,2
30352,5118,5127,-1
30353,5118,5114,-1
30354,5118,5125,-1
30355,5118,5127,-2
30356,5119,5073,1
30357,5119,5120,1
30358,5119,5043,1
30359,5119,5044,1
30360,5119,5047,1
30361,5119,5067,1
30362,5119,5120,2
30363,5119,5121,2
30364,5119,5122,2
30365,5119,5128,2
30366,5119,5129,2
30367,5119,5132,2
30368,5119,5137,2
30369,5119,5140,2
30370,5119,5139,-1
30371,5119,5063,-1
30372,5119,5090,-1
30373,5119,5118,-1
30374,5119,5093,-1
30375,5119,5051,-1
30376,5119,5112,-1
30377,5119,5115,-1
30378,5119,5094,-1
30379,5119,5095,-1
30380,5119,5092,-1
30381,5119,5045,-1
30382,5119,5089,-1
30383,5119,5130,-1
30384,5119,5064,-1
30385,5119,5072,-1
30386,5119,5131,-1
30387,5119,5061,-1
30388,5119,5074,-1
30389,5119,5062,-1
30390,5119,5081,-1
30391,5119,5064,-2
30392,5119,5070,-2
30393,5119,5071,-2
30394,5119,5076,-2
30395,5119,5112,-2
30396,5119,5115,-2
30397,5120,5123,1
30398,5120,5121,1
30399,5120,5138,1
30400,5120,5125,1
30401,5120,5043,2
30402,5120,5119,2
30403,5120,5128,2
30404,5120,5129,2
30405,5120,5132,2
30406,5120,5137,2
30407,5120,5140,2
30408,5120,5115,-1
30409,5120,5114,-1
30410,5120,5117,-1
30411,5120,5135,-1
30412,5120,5133,-1
30413,5120,5111,-1
30414,5120,5130,-1
30415,5121,5115,1
30416,5121,5127,1
30417,5121,5118,1
30418,5121,5138,1
30419,5121,5131,1
30420,5121,5113,1
30421,5121,5136,1
30422,5121,5126,1
30423,5121,5115,2
30424,5121,5116,2
30425,5121,5119,2
30426,5121,5120,2
30427,5121,5123,2
30428,5121,5128,2
30429,5121,5129,2
30430,5121,5132,2
30431,5121,5134,2
30432,5121,5137,2
30433,5121,5140,2
30434,5121,5043,-1
30435,5121,5111,-1
30436,5121,5114,-1
30437,5121,5125,-1
30438,5121,5114,-2
30439,5121,5117,-2
30440,5121,5130,-2
30441,5122,5115,1
30442,5122,5043,1
30443,5122,5112,1
30444,5122,5119,1
30445,5122,5067,2
30446,5122,5097,2
30447,5122,5109,2
30448,5122,5110,2
30449,5122,5123,2
30450,5122,5127,2
30451,5122,5129,2
30452,5122,5131,2
30453,5122,5134,2
30454,5122,5135,2
30455,5122,5137,2
30456,5122,5139,2
30457,5122,5136,-1
30458,5122,5117,-1
30459,5122,5130,-1
30460,5122,5125,-1
30461,5122,5111,-1
30462,5122,5126,-1
30463,5122,5108,-1
30464,5122,5128,-1
30465,5123,5127,1
30466,5123,5139,1
30467,5123,5134,1
30468,5123,5118,1
30469,5123,5111,1
30470,5123,5115,1
30471,5123,5114,1
30472,5123,5132,1
30473,5123,5129,1
30474,5123,5133,1
30475,5123,5112,1
30476,5123,5137,1
30477,5123,5138,1
30478,5123,5120,1
30479,5123,5119,1
30480,5123,5109,1
30481,5123,5125,1
30482,5123,5140,1
30483,5123,5117,1
30484,5123,5131,1
30485,5123,5135,1
30486,5123,5113,1
30487,5123,5110,1
30488,5123,5136,1
30489,5123,5108,1
30490,5123,5128,1
30491,5123,5113,2
30492,5123,5116,2
30493,5123,5121,2
30494,5123,5122,2
30495,5123,5124,2
30496,5123,5126,2
30497,5123,5130,2
30498,5123,5138,2
30499,5123,5043,-2
30500,5124,5115,1
30501,5124,5137,1
30502,5124,5138,1
30503,5124,5139,1
30504,5124,5076,1
30505,5124,5135,1
30506,5124,5125,1
30507,5124,5128,1
30508,5124,5140,1
30509,5124,5069,2
30510,5124,5111,2
30511,5124,5113,2
30512,5124,5116,2
30513,5124,5123,2
30514,5124,5130,2
30515,5124,5131,2
30516,5124,5138,2
30517,5124,5117,-1
30518,5124,5070,-1
30519,5124,5114,-1
30520,5124,5094,-1
30521,5124,5085,-1
30522,5124,5089,-1
30523,5124,5074,-1
30524,5124,5051,-1
30525,5124,5092,-1
30526,5124,5090,-1
30527,5124,5093,-1
30528,5124,5117,-2
30529,5126,5133,1
30530,5126,5109,2
30531,5126,5110,2
30532,5126,5111,2
30533,5126,5112,2
30534,5126,5115,2
30535,5126,5118,2
30536,5126,5122,2
30537,5126,5123,2
30538,5126,5127,2
30539,5126,5128,2
30540,5126,5129,2
30541,5126,5131,2
30542,5126,5134,2
30543,5126,5135,2
30544,5126,5136,2
30545,5126,5138,2
30546,5126,5139,2
30547,5126,5133,-1
30548,5126,5119,-1
30549,5126,5125,-1
30550,5126,5125,-2
30551,5128,5123,1
30552,5128,5131,1
30553,5128,5124,1
30554,5128,5139,1
30555,5128,5121,1
30556,5128,5043,2
30557,5128,5119,2
30558,5128,5120,2
30559,5128,5129,2
30560,5128,5132,2
30561,5128,5137,2
30562,5128,5138,2
30563,5128,5140,2
30564,5128,5126,-1
30565,5128,5117,-1
30566,5128,5113,-1
30567,5128,5118,-1
30568,5128,5113,-2
30569,5129,5127,1
30570,5129,5115,1
30571,5129,5138,1
30572,5129,5123,1
30573,5129,5131,1
30574,5129,5139,1
30575,5129,5113,1
30576,5129,5134,1
30577,5129,5125,1
30578,5129,5136,1
30579,5129,5126,1
30580,5129,5043,2
30581,5129,5119,2
30582,5129,5120,2
30583,5129,5121,2
30584,5129,5122,2
30585,5129,5128,2
30586,5129,5132,2
30587,5129,5137,2
30588,5129,5140,2
30589,5129,5130,-2
30590,5130,5127,1
30591,5130,5131,1
30592,5130,5076,1
30593,5130,5043,1
30594,5130,5125,1
30595,5130,5110,1
30596,5130,5111,1
30597,5130,5111,2
30598,5130,5112,2
30599,5130,5113,2
30600,5130,5115,2
30601,5130,5116,2
30602,5130,5123,2
30603,5130,5124,2
30604,5130,5133,2
30605,5130,5135,2
30606,5130,5138,2
30607,5130,5139,2
30608,5130,5068,-1
30609,5130,5083,-1
30610,5130,5070,-1
30611,5130,5082,-1
30612,5130,5048,-1
30613,5130,5055,-1
30614,5130,5096,-1
30615,5130,5044,-1
30616,5130,5052,-1
30617,5130,5063,-1
30618,5130,5049,-1
30619,5130,5058,-1
30620,5130,5084,-1
30621,5130,5051,-1
30622,5130,5087,-1
30623,5130,5093,-1
30624,5130,5095,-1
30625,5130,5098,-1
30626,5130,5094,-1
30627,5130,5066,-1
30628,5130,5100,-1
30629,5130,5099,-1
30630,5130,5102,-1
30631,5130,5107,-1
30632,5130,5092,-1
30633,5130,5105,-1
30634,5130,5080,-1
30635,5130,5067,-1
30636,5130,5059,-1
30637,5130,5057,-1
30638,5130,5071,-1
30639,5130,5106,-1
30640,5130,5078,-1
30641,5130,5097,-1
30642,5130,5045,-1
30643,5130,5046,-1
30644,5130,5073,-1
30645,5130,5079,-1
30646,5130,5047,-1
30647,5130,5069,-1
30648,5130,5064,-1
30649,5130,5077,-1
30650,5130,5072,-1
30651,5130,5086,-1
30652,5130,5060,-1
30653,5130,5065,-1
30654,5130,5061,-1
30655,5130,5054,-1
30656,5130,5075,-1
30657,5130,5062,-1
30658,5130,5053,-1
30659,5130,5088,-1
30660,5130,5091,-1
30661,5130,5101,-1
30662,5130,5056,-1
30663,5130,5081,-1
30664,5130,5050,-1
30665,5130,5061,-2
30666,5130,5074,-2
30667,5130,5085,-2
30668,5130,5089,-2
30669,5130,5090,-2
30670,5130,5094,-2
30671,5131,5127,1
30672,5131,5137,1
30673,5131,5122,1
30674,5131,5123,1
30675,5131,5109,1
30676,5131,5135,1
30677,5131,5113,1
30678,5131,5134,1
30679,5131,5118,1
30680,5131,5110,1
30681,5131,5136,1
30682,5131,5139,1
30683,5131,5122,2
30684,5131,5127,2
30685,5131,5117,-1
30686,5131,5085,-1
30687,5131,5066,-1
30688,5131,5130,-1
30689,5131,5125,-1
30690,5131,5111,-1
30691,5131,5056,-2
30692,5131,5063,-2
30693,5131,5066,-2
30694,5132,5127,1
30695,5132,5122,1
30696,5132,5131,1
30697,5132,5043,1
30698,5132,5119,1
30699,5132,5119,2
30700,5132,5120,2
30701,5132,5121,2
30702,5132,5123,2
30703,5132,5128,2
30704,5132,5129,2
30705,5132,5137,2
30706,5132,5138,2
30707,5132,5140,2
30708,5132,5115,-1
30709,5132,5070,-1
30710,5132,5117,-1
30711,5132,5135,-1
30712,5132,5133,-1
30713,5132,5074,-1
30714,5132,5076,-1
30715,5132,5092,-1
30716,5132,5063,-1
30717,5132,5112,-1
30718,5132,5111,-1
30719,5132,5130,-1
30720,5132,5074,-2
30721,5132,5090,-2
30722,5132,5114,-2
30723,5132,5117,-2
30724,5134,5043,1
30725,5134,5109,1
30726,5134,5137,1
30727,5134,5135,1
30728,5134,5118,1
30729,5134,5112,1
30730,5134,5136,1
30731,5134,5110,1
30732,5134,5048,2
30733,5134,5115,2
30734,5134,5122,2
30735,5134,5127,2
30736,5134,5131,2
30737,5134,5136,2
30738,5134,5114,-1
30739,5134,5117,-1
30740,5134,5130,-1
30741,5134,5111,-1
30742,5134,5108,-1
30743,5135,5114,1
30744,5135,5137,1
30745,5135,5108,1
30746,5135,5138,1
30747,5135,5123,1
30748,5135,5129,1
30749,5135,5133,1
30750,5135,5117,1
30751,5135,5124,1
30752,5135,5120,1
30753,5135,5119,1
30754,5135,5113,1
30755,5135,5125,1
30756,5135,5136,1
30757,5135,5126,1
30758,5135,5128,1
30759,5135,5043,2
30760,5135,5109,2
30761,5135,5110,2
30762,5135,5111,2
30763,5135,5112,2
30764,5135,5115,2
30765,5135,5116,2
30766,5135,5118,2
30767,5135,5122,2
30768,5135,5127,2
30769,5135,5130,2
30770,5135,5131,2
30771,5135,5134,2
30772,5135,5139,2
30773,5137,5127,1
30774,5137,5138,1
30775,5137,5123,1
30776,5137,5065,1
30777,5137,5131,1
30778,5137,5139,1
30779,5137,5113,1
30780,5137,5134,1
30781,5137,5047,2
30782,5137,5119,2
30783,5137,5120,2
30784,5137,5121,2
30785,5137,5122,2
30786,5137,5128,2
30787,5137,5129,2
30788,5137,5132,2
30789,5137,5140,2
30790,5137,5130,-1
30791,5137,5117,-1
30792,5137,5125,-1
30793,5137,5114,-2
30794,5137,5117,-2
30795,5138,5094,1
30796,5138,5089,1
30797,5138,5085,1
30798,5138,5090,1
30799,5138,5113,1
30800,5138,5113,2
30801,5138,5114,2
30802,5138,5116,2
30803,5138,5117,2
30804,5138,5123,2
30805,5138,5124,2
30806,5138,5128,2
30807,5138,5130,2
30808,5138,5131,2
30809,5138,5115,-1
30810,5138,5136,-1
30811,5138,5133,-1
30812,5138,5136,-2
30813,5139,5114,1
30814,5139,5138,1
30815,5139,5122,1
30816,5139,5132,1
30817,5139,5123,1
30818,5139,5133,1
30819,5139,5137,1
30820,5139,5117,1
30821,5139,5124,1
30822,5139,5135,1
30823,5139,5113,1
30824,5139,5134,1
30825,5139,5136,1
30826,5139,5128,1
30827,5139,5043,2
30828,5139,5109,2
30829,5139,5110,2
30830,5139,5111,2
30831,5139,5112,2
30832,5139,5118,2
30833,5139,5126,2
30834,5139,5127,2
30835,5139,5130,2
30836,5139,5131,2
30837,5139,5135,2
30838,5139,5044,-2
30839,5139,5061,-2
30840,5139,5063,-2
30841,5139,5070,-2
30842,5139,5074,-2
30843,5139,5077,-2
30844,5139,5085,-2
30845,5139,5090,-2
30846,5139,5094,-2
30847,5139,5102,-2
30848,5140,5137,1
30849,5140,5122,1
30850,5140,5138,1
30851,5140,5124,1
30852,5140,5113,1
30853,5140,5125,1
30854,5140,5139,1
30855,5140,5043,2
30856,5140,5119,2
30857,5140,5120,2
30858,5140,5121,2
30859,5140,5128,2
30860,5140,5129,2
30861,5140,5132,2
30862,5140,5137,2
30863,5140,5115,-1
30864,5140,5114,-1
30865,5140,5117,-1
30866,5140,5135,-1
30867,5140,5133,-1
30868,5140,5116,-1
30869,5140,5125,-1
30870,5140,5112,-1
30871,5140,5117,-2
30872,5140,5130,-2
30873,5140,5133,-2
